isin,canonical_name,lei,ticker,universe_basis,notes
ES0113900J37,Banco Santander,5493006QMFDDMYWIAM13,SAN,SEED,
ES0113211835,BBVA,K8MS7FD7N5Z2WQ51AZ71,BBVA,SEED,
ES0144580Y14,Iberdrola,5QK37QC7NWOJ8D7WVQ45,IBE,SEED,
ES0148396007,Inditex,549300TTCXZOGZM2EY83,ITX,SEED,
ES0178430E18,Telefonica,549300EEJH4FEPDBBR25,TEF,SEED,
ES0173516115,Repsol,BSYCX13Y0NOTV14V9N85,REP,SEED,
ES0105046009,Aena,,AENA,SEED,
ES0109067019,Amadeus,9598004A3FTY3TEHHN09,AMS,SEED,
ES0113860A34,Banco Sabadell,SI5RG2M0WQQLZCXKRM20,SAB,SEED,
ES0167050915,ACS,95980020140005558665,ACS,SEED,
ES0105066007,Cellnex,5493008T4YG3AQUI7P67,CLNX,SEED,
NL0015001FS8,Ferrovial,72450022R2ZFL41Y6I04,FER,SEED,NL ISIN — Spanish-market issuer; catches the ES-prefix failure mode
LU1598757687,ArcelorMittal,2EULGUTUI56JI9SAL165,MTS,SEED,LU ISIN — XMAD-listed
ES0140609019,CaixaBank,,CABK,SEED,
ES0113679I37,Bankinter,,BKT,SEED,
ES0124244E34,Mapfre,,MAP,SEED,
ES0125220311,Acciona,,ANA,SEED,
ES0105563003,Acciona Energia,,ANE,SEED,
ES0116870314,Naturgy,,NTGY,SEED,
ES0130670112,Endesa,,ELE,SEED,
ES0130960018,Enagas,213800OU3FQKGM4M2U23,ENG,SEED,
ES0173093024,Redeia,,RED,SEED,
ES0171996087,Grifols,,GRF,SEED,
ES0118594417,Indra,,IDR,SEED,
ES0105025003,Merlin Properties,,MRL,SEED,
ES0137650018,Fluidra,,FDR,SEED,
ES0139140174,Colonial,,COL,SEED,
ES0132105018,Acerinox,,ACX,SEED,
ES0105027009,Logista,,LOG,SEED,
ES0184262212,Viscofan,,VIS,SEED,
ES0157261019,Rovi,,ROVI,SEED,
ES0165386014,Solaria,,SLR,SEED,
ES0183746314,Vidrala,,VID,SEED,
ES0105630315,CIE Automotive,,CIE,SEED,
ES0112501012,Ebro Foods,,EBRO,SEED,
