concept_id,en_pattern,notes
ACCOUNTS_SOLO,"standalone|individual (annual )?(accounts|financial statements)|unconsolidated",individual entity accounts (official 1.a style)
ACCOUNTS_GROUP,"consolidated (annual )?(accounts|financial statements)|consolidated (accounts and )?(reports?)|consolidated.{0,30}(accounts|financial statements)|audited (annual )?accounts|adoption of (the )?(audited |annual )?accounts",group accounts
ACCOUNTS,"(annual )?(accounts|financial statements) (and|of|for)|accounts and (management|directors) reports?|annual accounts|annual financial statements|directors'? reports?( \d{4})?|management reports?( \d{4})?|adopt(ion)? (of )?(the )?(financial statements|annual accounts)|approve financial statements|approve (the )?accounts",generic accounts wording — compat with SOLO and GROUP
DISCHARGE,"discharge (of )?(the )?(non-executive |executive )?(board|directors|members)|management performance|grant of discharge|ratification of board acts|release from liability|approve management|approve corporate management|approval of (the )?(corporate )?management|management of the board|corporate management|conduct of business|board'?s management|(board of directors'? )?management during the|board of directors'? management|gestion",gestión social / discharge
EINF,"non.?financial information|sustainability (statement|information|report)",EINF / sustainability statement
ALLOCATION,"(allocation|application|distribution|appropriation) of (the )?(year'?s )?(income|profit|result|loss)|appropriation of (the )?\d{4} ?(results?|income|profit)|application of (the )?result|dividend distribution|result allocation",application of results incl dividend
DIVIDEND,"scrip dividend|interim dividend|approve dividends|distribution of.*dividend|fixed amount.*dividend|extraordinary dividend|special dividend|engagement dividend|fixed amount of .{0,20}(euros|eur) gross per share|charged to.{0,20}(free )?reserves|share (issue|issuance|capital)? ?premium|dividend",dividend-specific items
AUDITOR,"auditor|verifier|verificador|assurance provider|assurance opinion|accounts auditor",auditor/verifier appointment or re-election
DIRECTOR_ELECTION,"(elect|re.?elect|appoint|ratif\w+|reelection|re.?election).{0,80}(director|board of directors)|(director|board)[: ].*(mr|ms|mrs|miss|don|doña) [a-z ]+|appointee",director appointment/re-election/ratification
BOARD,"board size|number of directors|composition of (the )?board|number of (board )?(seats|members)|seats on the board|members of the board of directors at",board structure
REMUNERATION_REPORT,"remuneration(s)? report|report on remuneration|remuneration of directors|say on pay|named executive officer|implementation of (the )?remuneration policy|advisory vote.{0,40}remuneration|report on directors'? (remuneration|compensation)|annual report on directors'? (remuneration|compensation)",advisory remuneration report
REMUNERATION_POLICY,"remuneration(s)? policy|remuneration policy|directors'? remuneration polic|maximum (amount|level|ratio).{0,40}(remuneration|compensation)|annual remuneration.{0,30}(paid|directors)|variable (remuneration|compensation|pay).{0,20}(ratio|level|200)|buy.?out|remuneration of (the )?members (of )?(the )?board|approval of (the )?remuneration of|fixed and variable components",remuneration policy / caps / buyouts
LTIP,"long.?term incentive|incentive plan|ltip|share plan|deferred.{0,30}plan|multiyear|pluriannual|variable remuneration (plan|scheme)|stock.for.salary|remuneration scheme",share/long-term incentive plans
BUYBACK,"buy.?back|repurchase|acquire\w* ((ordinary|own|treasury|company'?s|its own) )?shares|treasury stock|acquisition of (own |treasury )?shares|derivative acquisition|authoriz\w+.{0,30}repurchase",buyback authorization
SHARE_ISSUANCE,"(authori\w+|delegat\w+|grant)\w* .{0,60}(issue|issuance|increase).{0,40}(share|capital)|capital increase|increase in capital|increase of (the )?(share )?capital|exclude pre.?emptive|powers to issue shares|emitir acciones|(issue|issuance) of (new |ordinary )?shares|increase of capital",share issuance / capital increase authorizations
POWERS,"(grant\w*|authori[sz]\w*|delegat\w*) (of |to )?(board )?(of )?(powers|authority|faculties)|faculties|implement(ation of)? resolutions|legal formalities|ratify and execute|powers to (supplement|interpret|execute)|delegation of (powers|authority|faculties)|authorize.{0,20}(ratify and execute|to execute)|elevation to public|conversion into public instrument|for the execution of the (agreements|resolutions)",delegation of powers to execute resolutions
CAPITAL_REDUCTION,"share capital reduction|reduction (of|in) (the )?(share )?capital|reduction in capital|cancel\w* (of )?(ordinary |treasury )?shares|amortization of (treasury |own )?shares|amortiz\w+ of .{0,20}shares|retire\w+ of .{0,25}shares|cancellation of shares",capital reduction / share cancellation
BONDS,"convertible bonds|convertible securities|contingent convertible|debentures|warrants|bonds|fixed.income securities",convertible/bond issuance
ARTICLES_AMEND,"amend\w* .{0,25}(of )?(the )?(current )?articles?|amend article|articles of (association|incorporation)|bylaws|by-?laws|regulations of the (board|general meeting)|amendment of (the )?(preamble)",amendment of bylaws/articles
BOARD_REGULATIONS,"(board of directors )?regulations|reglamento",board/meeting regulations info
CLIMATE,"climate|energy transition|transition plan",climate/energy-transition advisory items
MEETING_FORMALITY,"notice of meeting|convene|quorum|call (of )?the (annual )?meeting|notice period|shorten.{0,30}(period|time).{0,30}(call|meet)|calling (special|extraordinary)|call (extraordinary|special|egm)|egm with.{0,15}notice|days'? notice",formality items
SHAREHOLDER_PROP,"shareholder proposal",shareholder-submitted items
NON_ITEM,"please note|intermediary clients|voting must be lodged|custodian|amendment to meeting id|repetitive meeting",custodian/instruction noise — never a proposal
