isin,meeting_date,item_number,parent_item,item_order,title_es,title_en,concept_id,votable_status,source_url,source_ref,retrieved_at,source_type
ES0173516115,2025-05-29,1,,1,"Examen y aprobación de las Cuentas Anuales e Informe de Gestión de Repsol, S.A. y de las Cuentas Anuales Consolidadas y del Informe de Gestión Consolidado, ejercicio 2024",,ACCOUNTS_GROUP,VOTABLE,https://www.boe.es/diario_borme/txt.php?id=BORME-C-2025-1032,BORME-C-2025-1032,2026-10-07,BORME
ES0173516115,2025-05-29,2,,2,Examen y aprobación de la propuesta de aplicación del resultado del ejercicio 2024,,ALLOCATION,VOTABLE,https://www.boe.es/diario_borme/txt.php?id=BORME-C-2025-1032,BORME-C-2025-1032,2026-10-07,BORME
ES0173516115,2025-05-29,3,,3,Examen y aprobación del Estado de Información No Financiera del ejercicio 2024,,EINF,VOTABLE,https://www.boe.es/diario_borme/txt.php?id=BORME-C-2025-1032,BORME-C-2025-1032,2026-10-07,BORME
ES0173516115,2025-05-29,4,,4,"Examen y aprobación de la gestión del Consejo de Administración de Repsol, S.A., ejercicio 2024",,DISCHARGE,VOTABLE,https://www.boe.es/diario_borme/txt.php?id=BORME-C-2025-1032,BORME-C-2025-1032,2026-10-07,BORME
ES0173516115,2025-05-29,5,,5,"Designación de Auditor de Cuentas de Repsol, S.A. y de su Grupo Consolidado para el ejercicio 2025",,AUDITOR,VOTABLE,https://www.boe.es/diario_borme/txt.php?id=BORME-C-2025-1032,BORME-C-2025-1032,2026-10-07,BORME
ES0173516115,2025-05-29,6,,6,"Reparto en julio de 2025 de la cantidad fija de 0,5 euros brutos por acción con cargo a reservas libres",,DIVIDEND,VOTABLE,https://www.boe.es/diario_borme/txt.php?id=BORME-C-2025-1032,BORME-C-2025-1032,2026-10-07,BORME
ES0173516115,2025-05-29,7,,7,"Reparto en enero de 2026 de la cantidad fija de 0,5 euros brutos por acción con cargo a reservas libres",,DIVIDEND,VOTABLE,https://www.boe.es/diario_borme/txt.php?id=BORME-C-2025-1032,BORME-C-2025-1032,2026-10-07,BORME
ES0173516115,2025-05-29,8,,8,Aprobación de una reducción de capital social por un importe determinable mediante amortización de acciones propias,,CAPITAL_REDUCTION,VOTABLE,https://www.boe.es/diario_borme/txt.php?id=BORME-C-2025-1032,BORME-C-2025-1032,2026-10-07,BORME
ES0173516115,2025-05-29,9,,9,"Aprobación de una reducción de capital social por un importe máximo de 115.739.605 euros, equivalente al 10% del capital",,CAPITAL_REDUCTION,VOTABLE,https://www.boe.es/diario_borme/txt.php?id=BORME-C-2025-1032,BORME-C-2025-1032,2026-10-07,BORME
ES0173516115,2025-05-29,10,,10,"Delegación en el Consejo de Administración de la facultad para emitir valores de renta fija, convertibles o canjeables, por hasta 5.000 millones de euros",,BONDS,VOTABLE,https://www.boe.es/diario_borme/txt.php?id=BORME-C-2025-1032,BORME-C-2025-1032,2026-10-07,BORME
ES0173516115,2025-05-29,11,,11,Reelección como Consejera de Dña. Aurora Catá Sala,,DIRECTOR_ELECTION,VOTABLE,https://www.boe.es/diario_borme/txt.php?id=BORME-C-2025-1032,BORME-C-2025-1032,2026-10-07,BORME
ES0173516115,2025-05-29,12,,12,Reelección como Consejera de Dña. Isabel Torremocha Ferrezuelo,,DIRECTOR_ELECTION,VOTABLE,https://www.boe.es/diario_borme/txt.php?id=BORME-C-2025-1032,BORME-C-2025-1032,2026-10-07,BORME
ES0173516115,2025-05-29,13,,13,Reelección como Consejero de D. Mariano Marzo Carpio,,DIRECTOR_ELECTION,VOTABLE,https://www.boe.es/diario_borme/txt.php?id=BORME-C-2025-1032,BORME-C-2025-1032,2026-10-07,BORME
ES0173516115,2025-05-29,14,,14,"Votación consultiva del Informe Anual sobre Remuneraciones de los Consejeros de Repsol, S.A. del ejercicio 2024",,REMUNERATION_REPORT,VOTABLE,https://www.boe.es/diario_borme/txt.php?id=BORME-C-2025-1032,BORME-C-2025-1032,2026-10-07,BORME
ES0173516115,2025-05-29,15,,15,"Examen y aprobación de la Política de Remuneraciones de los Consejeros de Repsol, S.A. (2025-2028)",,REMUNERATION_POLICY,VOTABLE,https://www.boe.es/diario_borme/txt.php?id=BORME-C-2025-1032,BORME-C-2025-1032,2026-10-07,BORME
ES0173516115,2025-05-29,16,,16,Modificación del Programa de Incentivo a Largo Plazo 2025-2028,,LTIP,VOTABLE,https://www.boe.es/diario_borme/txt.php?id=BORME-C-2025-1032,BORME-C-2025-1032,2026-10-07,BORME
ES0173516115,2025-05-29,17,,17,Aprobación de tres nuevos ciclos adicionales del Programa de Incentivo a Largo Plazo,,LTIP,VOTABLE,https://www.boe.es/diario_borme/txt.php?id=BORME-C-2025-1032,BORME-C-2025-1032,2026-10-07,BORME
ES0173516115,2025-05-29,18,,18,"Delegación de facultades para interpretar, complementar, desarrollar, ejecutar, subsanar y formalizar los acuerdos",,POWERS,VOTABLE,https://www.boe.es/diario_borme/txt.php?id=BORME-C-2025-1032,BORME-C-2025-1032,2026-10-07,BORME
