isin,meeting_date,item_number,parent_item,item_order,title_es,title_en,concept_id,votable_status,source_url,source_ref,retrieved_at
ES0144580Y14,2025-05-30,1,,1,Cuentas anuales 2024,,ACCOUNTS_GROUP,VOTABLE,https://www.boe.es/diario_borme/txt.php?id=BORME-C-2025-994,BORME-C-2025-994,2026-10-07
ES0144580Y14,2025-05-30,2,,2,Informes de gestión 2024,,ACCOUNTS_GROUP,VOTABLE,https://www.boe.es/diario_borme/txt.php?id=BORME-C-2025-994,BORME-C-2025-994,2026-10-07
ES0144580Y14,2025-05-30,3,,3,Estado de información no financiera 2024,,EINF,VOTABLE,https://www.boe.es/diario_borme/txt.php?id=BORME-C-2025-994,BORME-C-2025-994,2026-10-07
ES0144580Y14,2025-05-30,4,,4,Gestión social y actuación del Consejo de Administración en 2024,,DISCHARGE,VOTABLE,https://www.boe.es/diario_borme/txt.php?id=BORME-C-2025-994,BORME-C-2025-994,2026-10-07
ES0144580Y14,2025-05-30,5.1,5,5,"Modificación de los Estatutos Sociales: organización corporativa y gobernanza — reforma de los artículos 7, 9 y 33",,ARTICLES_AMEND,VOTABLE,https://www.boe.es/diario_borme/txt.php?id=BORME-C-2025-994,BORME-C-2025-994,2026-10-07
ES0144580Y14,2025-05-30,5.2,5,6,"Modificación de los Estatutos Sociales: mejoras técnicas y de actualización — Preámbulo y artículos 5, 6, 20, 25, 27, 34 y 63",,ARTICLES_AMEND,VOTABLE,https://www.boe.es/diario_borme/txt.php?id=BORME-C-2025-994,BORME-C-2025-994,2026-10-07
ES0144580Y14,2025-05-30,6.1,6,7,Modificación del Reglamento de la Junta General: incorporación de un Preámbulo,,ARTICLES_AMEND,VOTABLE,https://www.boe.es/diario_borme/txt.php?id=BORME-C-2025-994,BORME-C-2025-994,2026-10-07
ES0144580Y14,2025-05-30,6.2,6,8,"Modificación del Reglamento: involucración de los accionistas — Título I, artículos 1 a 6",,ARTICLES_AMEND,VOTABLE,https://www.boe.es/diario_borme/txt.php?id=BORME-C-2025-994,BORME-C-2025-994,2026-10-07
ES0144580Y14,2025-05-30,6.3,6,9,"Modificación del Reglamento: información facilitada a los accionistas — Título II, capítulos I-III",,ARTICLES_AMEND,VOTABLE,https://www.boe.es/diario_borme/txt.php?id=BORME-C-2025-994,BORME-C-2025-994,2026-10-07
ES0144580Y14,2025-05-30,6.4,6,10,"Modificación del Reglamento: clases, tipos de votaciones y competencias — Título III, artículos 19 a 21",,ARTICLES_AMEND,VOTABLE,https://www.boe.es/diario_borme/txt.php?id=BORME-C-2025-994,BORME-C-2025-994,2026-10-07
ES0144580Y14,2025-05-30,6.5,6,11,"Modificación del Reglamento: convocatoria, participación, asistencia y representación — Títulos IV y V",,ARTICLES_AMEND,VOTABLE,https://www.boe.es/diario_borme/txt.php?id=BORME-C-2025-994,BORME-C-2025-994,2026-10-07
ES0144580Y14,2025-05-30,6.6,6,12,"Modificación del Reglamento: organización, desarrollo y adopción de acuerdos — Títulos VI a X",,ARTICLES_AMEND,VOTABLE,https://www.boe.es/diario_borme/txt.php?id=BORME-C-2025-994,BORME-C-2025-994,2026-10-07
ES0144580Y14,2025-05-30,6.7,6,13,"Modificación del Reglamento: formas de celebración de la Junta — Título XI, artículos 49 a 61",,ARTICLES_AMEND,VOTABLE,https://www.boe.es/diario_borme/txt.php?id=BORME-C-2025-994,BORME-C-2025-994,2026-10-07
ES0144580Y14,2025-05-30,6.8,6,14,"Modificación del Reglamento: ámbito de aplicación y otras disposiciones — Título XII, artículos 62 a 65",,ARTICLES_AMEND,VOTABLE,https://www.boe.es/diario_borme/txt.php?id=BORME-C-2025-994,BORME-C-2025-994,2026-10-07
ES0144580Y14,2025-05-30,7,,15,Dividendo de involucración: aprobación y pago,,DIVIDEND,VOTABLE,https://www.boe.es/diario_borme/txt.php?id=BORME-C-2025-994,BORME-C-2025-994,2026-10-07
ES0144580Y14,2025-05-30,8,,16,Aplicación del resultado y dividendo 2024: aprobación y pago complementario en el marco del sistema Iberdrola Retribución Flexible,,ALLOCATION,VOTABLE,https://www.boe.es/diario_borme/txt.php?id=BORME-C-2025-994,BORME-C-2025-994,2026-10-07
ES0144580Y14,2025-05-30,9,,17,Primer aumento de capital liberado por un valor de mercado de referencia máximo de 2.950 millones de euros para implementar el sistema de dividendo opcional,,SHARE_ISSUANCE,VOTABLE,https://www.boe.es/diario_borme/txt.php?id=BORME-C-2025-994,BORME-C-2025-994,2026-10-07
ES0144580Y14,2025-05-30,10,,18,Segundo aumento de capital liberado por un valor de mercado de referencia máximo de 2.000 millones de euros para implementar el sistema de dividendo opcional,,SHARE_ISSUANCE,VOTABLE,https://www.boe.es/diario_borme/txt.php?id=BORME-C-2025-994,BORME-C-2025-994,2026-10-07
ES0144580Y14,2025-05-30,11,,19,"Reducción de capital mediante la amortización de un máximo de 200.561.000 acciones propias (3,114% del capital)",,CAPITAL_REDUCTION,VOTABLE,https://www.boe.es/diario_borme/txt.php?id=BORME-C-2025-994,BORME-C-2025-994,2026-10-07
ES0144580Y14,2025-05-30,12,,20,Votación consultiva del Informe anual sobre remuneraciones de los consejeros y directivos 2024,,REMUNERATION_REPORT,VOTABLE,https://www.boe.es/diario_borme/txt.php?id=BORME-C-2025-994,BORME-C-2025-994,2026-10-07
ES0144580Y14,2025-05-30,13,,21,Reelección de don Ángel Jesús Acebes Paniagua como consejero independiente,,DIRECTOR_ELECTION,VOTABLE,https://www.boe.es/diario_borme/txt.php?id=BORME-C-2025-994,BORME-C-2025-994,2026-10-07
ES0144580Y14,2025-05-30,14,,22,Reelección de don Juan Manuel González Serna como consejero independiente,,DIRECTOR_ELECTION,VOTABLE,https://www.boe.es/diario_borme/txt.php?id=BORME-C-2025-994,BORME-C-2025-994,2026-10-07
ES0144580Y14,2025-05-30,15,,23,Ratificación y reelección de doña Ana Colonques García-Planas como consejera independiente,,DIRECTOR_ELECTION,VOTABLE,https://www.boe.es/diario_borme/txt.php?id=BORME-C-2025-994,BORME-C-2025-994,2026-10-07
ES0144580Y14,2025-05-30,16,,24,Determinación del número de miembros del Consejo de Administración en catorce,,BOARD,VOTABLE,https://www.boe.es/diario_borme/txt.php?id=BORME-C-2025-994,BORME-C-2025-994,2026-10-07
ES0144580Y14,2025-05-30,17,,25,"Autorización para emitir obligaciones o bonos simples y otros valores de renta fija, no canjeables ni convertibles",,BONDS,VOTABLE,https://www.boe.es/diario_borme/txt.php?id=BORME-C-2025-994,BORME-C-2025-994,2026-10-07
ES0144580Y14,2025-05-30,18,,26,Delegación de facultades para formalizar y elevar a público los acuerdos que se adopten,,POWERS,VOTABLE,https://www.boe.es/diario_borme/txt.php?id=BORME-C-2025-994,BORME-C-2025-994,2026-10-07
