meeting_id,isin,issuer,meeting_date,source_key,source_item,source_text,official_item,official_title,method,score,margin,best_rival,evidence,review_status,matcher_version,source
m:02c5f11063c2d02f40d1,ES0173516115,Repsol,2024-05-09,m:02c5f11063c2d02f40d1|npx:approve consolidated and standalone financial statements,,Approve Consolidated and Standalone Financial Statements,,,AMBIGUOUS,0.0,0.0,,bundled source row covers official items 1,AMBIGUOUS,g9r-anchor-1.0.0,sec_npx
m:0313381ad4e08e72c18a,ES0113211835,BBVA,2025-03-20,m:0313381ad4e08e72c18a|npx:renew grant of board powers re issuance of shares in connect,,Renew Grant of Board Powers Re: Issuance of Shares in Connection with the Acquisition of Banco de Sabadell SA,,,AMBIGUOUS,0.0,0.0,,"bundled source row covers official items 4,7",AMBIGUOUS,g9r-anchor-1.0.0,sec_npx
m:0313381ad4e08e72c18a,ES0113211835,BBVA,2025-03-20,m:0313381ad4e08e72c18a|npx:approve consolidated and standalone financial statements,,Approve Consolidated and Standalone Financial Statements,,,AMBIGUOUS,0.0,0.0,,bundled source row covers official items 1.1,AMBIGUOUS,g9r-anchor-1.0.0,sec_npx
m:0792795137274336ad5f,ES0113900J37,Banco Santander,2025-04-03,m:0792795137274336ad5f|npx:appoint pricewaterhousecoopers auditores as verifiers for su,,Appoint PricewaterhouseCoopers Auditores as Verifiers for Sustainability Reporting,,,AMBIGUOUS,0.0,0.0,,"bundled source row covers official items 1.b,4,5",AMBIGUOUS,g9r-anchor-1.0.0,sec_npx
m:0792795137274336ad5f,ES0113900J37,Banco Santander,2025-04-03,m:0792795137274336ad5f|npx:approve consolidated and standalone financial statements,,Approve Consolidated and Standalone Financial Statements,,,AMBIGUOUS,0.0,0.0,,bundled source row covers official items 1.a,AMBIGUOUS,g9r-anchor-1.0.0,sec_npx
m:26e6a0f3a22d8a78ef07,ES0144580Y14,Iberdrola,2024-05-17,m:26e6a0f3a22d8a78ef07|npx:amend articles of general meeting regulations,,Amend Articles of General Meeting Regulations,,,AMBIGUOUS,0.0,0.0,,"bundled source row covers official items 6,7,8",AMBIGUOUS,g9r-anchor-1.0.0,sec_npx
m:26e6a0f3a22d8a78ef07,ES0144580Y14,Iberdrola,2024-05-17,m:26e6a0f3a22d8a78ef07|npx:approve consolidated and standalone financial statements,,Approve Consolidated and Standalone Financial Statements,,,AMBIGUOUS,0.0,0.0,,"bundled source row covers official items 1,2",AMBIGUOUS,g9r-anchor-1.0.0,sec_npx
m:26e6a0f3a22d8a78ef07,ES0144580Y14,Iberdrola,2024-05-17,m:26e6a0f3a22d8a78ef07|npx:approve consolidated and standalone management reports,,Approve Consolidated and Standalone Management Reports,,,UNMATCHED,0.0,0.0,,below floor; best=0.00 concept=ACCOUNTS_SOLO,UNRESOLVED,g9r-anchor-1.0.0,sec_npx
m:326835b05889b18b19fc,ES0113900J37,Banco Santander,2024-03-21,m:326835b05889b18b19fc|npx:approve consolidated and standalone financial statements,,Approve Consolidated and Standalone Financial Statements,,,AMBIGUOUS,0.0,0.0,,bundled source row covers official items 1.a,AMBIGUOUS,g9r-anchor-1.0.0,sec_npx
m:37154fb43d8203c686b0,ES0178430E18,Telefonica,2024-04-11,m:37154fb43d8203c686b0|npx:approve consolidated and standalone financial statements,,Approve Consolidated and Standalone Financial Statements,,,AMBIGUOUS,0.0,0.0,,bundled source row covers official items I.1,AMBIGUOUS,g9r-anchor-1.0.0,sec_npx
m:52cf9ae58d5fe9968ef4,ES0140609019,CaixaBank,2025-04-10,m:52cf9ae58d5fe9968ef4|npx:approve consolidated and standalone financial statements,,Approve Consolidated and Standalone Financial Statements,,,AMBIGUOUS,0.0,0.0,,bundled source row covers official items 1.1,AMBIGUOUS,g9r-anchor-1.0.0,sec_npx
m:6df84069658bc065212a,ES0173516115,Repsol,2025-05-29,m:6df84069658bc065212a|npx:approve consolidated and standalone financial statements,,Approve Consolidated and Standalone Financial Statements,,,AMBIGUOUS,0.0,0.0,,bundled source row covers official items 1,AMBIGUOUS,g9r-anchor-1.0.0,sec_npx
m:913ec181b24a095c3168,ES0113211835,BBVA,2024-03-14,m:913ec181b24a095c3168|npx:approve consolidated and standalone financial statements,,Approve Consolidated and Standalone Financial Statements,,,AMBIGUOUS,0.0,0.0,,bundled source row covers official items 1.1,AMBIGUOUS,g9r-anchor-1.0.0,sec_npx
m:b662a13b1cfd0e6951c6,ES0118900010,Ferrovial,2024-04-11,m:b662a13b1cfd0e6951c6|npx:authorize board to exclude preemptive rights from share issu,,Authorize Board to Exclude Preemptive Rights from Share Issuances for Purposes of Scrip Dividends,,,AMBIGUOUS,0.0,0.0,,"bundled source row covers official items 6a,6b,7a,7b",AMBIGUOUS,g9r-anchor-1.0.0,sec_npx
m:b662a13b1cfd0e6951c6,ES0118900010,Ferrovial,2024-04-11,m:b662a13b1cfd0e6951c6|npx:authorize board to exclude preemptive rights from share issu,,Authorize Board to Exclude Preemptive Rights from Share Issuances for Purposes of Scrip Dividends,,,AMBIGUOUS,0.0,0.0,,"bundled source row covers official items 2b,6a,6b,7a,7b",AMBIGUOUS,g9r-anchor-1.0.0,sec_npx
m:b662a13b1cfd0e6951c6,ES0118900010,Ferrovial,2024-04-11,m:b662a13b1cfd0e6951c6|npx:authorize repurchase of up to 10 percent of issued share cap,,Authorize Repurchase of Up to 10 Percent of Issued Share Capital,,,AMBIGUOUS,0.0,0.0,,"bundled source row covers official items 6a,6b,7a,7b,8",AMBIGUOUS,g9r-anchor-1.0.0,sec_npx
m:b662a13b1cfd0e6951c6,ES0118900010,Ferrovial,2024-04-11,m:b662a13b1cfd0e6951c6|npx:grant board authority to issue shares up to 10 percent of is,,Grant Board Authority to Issue Shares Up To 10 Percent of Issued Capital,,,AMBIGUOUS,0.0,0.0,,"bundled source row covers official items 6a,6b,7a,7b",AMBIGUOUS,g9r-anchor-1.0.0,sec_npx
m:b662a13b1cfd0e6951c6,ES0118900010,Ferrovial,2024-04-11,m:b662a13b1cfd0e6951c6|npx:grant board authority to issue shares up to 5 percent of iss,,Grant Board Authority to Issue Shares Up To 5 Percent of Issued Capital for Purposes of Scrip Dividends,,,AMBIGUOUS,0.0,0.0,,"bundled source row covers official items 2b,6a,6b,7a,7b",AMBIGUOUS,g9r-anchor-1.0.0,sec_npx
m:b662a13b1cfd0e6951c6,ES0118900010,Ferrovial,2024-04-11,m:b662a13b1cfd0e6951c6|npx:adopt financial statements and statutory reports,,Adopt Financial Statements and Statutory Reports,,,UNMATCHED,0.0,0.0,,below floor; best=0.00 concept=ACCOUNTS,UNRESOLVED,g9r-anchor-1.0.0,sec_npx
m:c0a280403d1526c67f09,ES0105025003,Merlin Properties,2024-05-08,m:c0a280403d1526c67f09|npx:approve non financial information statement,,Approve Non-Financial Information Statement,,,UNMATCHED,0.0,0.0,,below floor; best=0.00 concept=EINF,UNRESOLVED,g9r-anchor-1.0.0,sec_npx
m:c0a280403d1526c67f09,ES0105025003,Merlin Properties,2024-05-08,m:c0a280403d1526c67f09|npx:approve standalone financial statements,,Approve Standalone Financial Statements,,,UNMATCHED,0.0,0.0,,below floor; best=0.00 concept=ACCOUNTS_SOLO,UNRESOLVED,g9r-anchor-1.0.0,sec_npx
m:c7997b16124fd21d12f1,NL0000235190,NL0000235190,2024-04-10,m:c7997b16124fd21d12f1|npx:approve implementation of remuneration policy,,Approve Implementation of Remuneration Policy,,,AMBIGUOUS,0.0,0.0,,"bundled source row covers official items 7,8",AMBIGUOUS,g9r-anchor-1.0.0,sec_npx
m:c7997b16124fd21d12f1,NL0000235190,NL0000235190,2024-04-10,m:c7997b16124fd21d12f1|npx:authorize repurchase of up to 10 percent of issued share cap,,Authorize Repurchase of Up to 10 Percent of Issued Share Capital,,,AMBIGUOUS,0.0,0.0,,"bundled source row covers official items 14,15,16",AMBIGUOUS,g9r-anchor-1.0.0,sec_npx
m:d47e838caf01c4eb6349,ES0109067019,Amadeus,2024-06-05,m:d47e838caf01c4eb6349|npx:approve consolidated and standalone financial statements,,Approve Consolidated and Standalone Financial Statements,,,AMBIGUOUS,0.0,0.0,,bundled source row covers official items 1,AMBIGUOUS,g9r-anchor-1.0.0,sec_npx
m:d6f3b32ceaf74e0e43f6,ES0140609019,CaixaBank,2024-03-21,m:d6f3b32ceaf74e0e43f6|npx:approve consolidated and standalone financial statements,,Approve Consolidated and Standalone Financial Statements,,,AMBIGUOUS,0.0,0.0,,bundled source row covers official items 1.1,AMBIGUOUS,g9r-anchor-1.0.0,sec_npx
m:df8a619a7ae99f09fcd4,ES0173093024,Redeia,2024-06-03,m:df8a619a7ae99f09fcd4|npx:revoke all previous authorizations,,Revoke All Previous Authorizations,,,UNMATCHED,0.0,0.0,,below floor; best=0.00 concept=None,UNRESOLVED,g9r-anchor-1.0.0,sec_npx
m:f323298db8ef8a4a26ba,ES0148396007,Inditex,2025-07-15,m:f323298db8ef8a4a26ba|npx:intermediary clients only please note that if you are classi,,"INTERMEDIARY CLIENTS ONLY - PLEASE NOTE THAT IF YOU ARE CLASSIFIED AS AN INTERMEDIARY CLIENT UNDER THE SHAREHOLDER RIGHTS DIRECTIVE II, YOU SHOULD BE PROVIDING THE UNDERLYING SHAREHOLDER INFORMATION AT THE VOTE INSTRUCTION LEVEL. IF YOU ARE UNSURE ON HOW TO PROVIDE THIS LEVEL OF DATA TO BROADRIDGE OUTSIDE OF PROXYEDGE, PLEASE SPEAK TO YOUR DEDICATED CLIENT SERVICE REPRESENTATIVE FOR ASSISTANCE",,,UNMATCHED,0.0,0.0,,custodian/instruction noise — not a proposal,UNRESOLVED,g9r-anchor-1.0.0,sec_npx
m:f323298db8ef8a4a26ba,ES0148396007,Inditex,2025-07-15,m:f323298db8ef8a4a26ba|npx:please note in the event the meeting does not reach quorum t,,"PLEASE NOTE IN THE EVENT THE MEETING DOES NOT REACH QUORUM, THERE WILL BE AN A REPETITIVE MEETING ON 16 JUL 2025. ALSO, YOUR VOTING INSTRUCTIONS WILL NOT BE CARRIED OVER TO THE SECOND CALL. ALL VOTES RECEIVED ON THIS MEETING WILL BE DISREGARDED AND YOU WILL NEED TO REINSTRUCT ON THE REPETITIVE MEETING. THANK YOU",,,UNMATCHED,0.0,0.0,,custodian/instruction noise — not a proposal,UNRESOLVED,g9r-anchor-1.0.0,sec_npx
m:f323298db8ef8a4a26ba,ES0148396007,Inditex,2025-07-15,m:f323298db8ef8a4a26ba|npx:please note that this is an amendment to meeting id 348045 d,,PLEASE NOTE THAT THIS IS AN AMENDMENT TO MEETING ID 348045 DUE TO RECEIVED CHANGE IN VOTING STATUS OF RESOLUTION 10. ALL VOTES RECEIVED ON THE PREVIOUS MEETING WILL BE DISREGARDED AND YOU WILL NEED TO REINSTRUCT ON THIS MEETING NOTICE. THANK YOU.,,,UNMATCHED,0.0,0.0,,custodian/instruction noise — not a proposal,UNRESOLVED,g9r-anchor-1.0.0,sec_npx
m:f323298db8ef8a4a26ba,ES0148396007,Inditex,2025-07-15,m:f323298db8ef8a4a26ba|npx:voting must be lodged with shareholder details as provided b,,"VOTING MUST BE LODGED WITH SHAREHOLDER DETAILS AS PROVIDED BY YOUR CUSTODIAN BANK. IF NO SHAREHOLDER DETAILS ARE PROVIDED, YOUR INSTRUCTIONS MAY BE REJECTED.",,,UNMATCHED,0.0,0.0,,custodian/instruction noise — not a proposal,UNRESOLVED,g9r-anchor-1.0.0,sec_npx
m:f323298db8ef8a4a26ba,ES0148396007,Inditex,2025-07-15,m:f323298db8ef8a4a26ba|npx:approval of the individual annual accounts and grant of disc,,APPROVAL OF THE INDIVIDUAL ANNUAL ACCOUNTS AND GRANT OF DISCHARGE TO THE DIRECTORS: GRANT OF DISCHARGE TO THE DIRECTORS RELATING TO THE YEAR ENDED 31 JANUARY 2025,,,AMBIGUOUS,0.0,0.0,,bundled source row covers official items 1.a,AMBIGUOUS,g9r-anchor-1.0.0,sec_npx
m:f323298db8ef8a4a26ba,ES0148396007,Inditex,2025-07-15,m:f323298db8ef8a4a26ba|npx:approval of the individual annual accounts and grant of disc,,APPROVAL OF THE INDIVIDUAL ANNUAL ACCOUNTS AND GRANT OF DISCHARGE TO THE DIRECTORS: GRANT OF DISCHARGE TO THE DIRECTORS RELATING TO THE YEAR ENDED 31 JANUARY 2025,,,AMBIGUOUS,0.0,0.0,,"bundled source row covers official items 1.a,1.b",AMBIGUOUS,g9r-anchor-1.0.0,sec_npx
m:f9629b16ea2879db1cd0,ES0121975009,ES0121975009,2024-06-15,m:f9629b16ea2879db1cd0|npx:approve consolidated and standalone financial statements,,Approve Consolidated and Standalone Financial Statements,,,AMBIGUOUS,0.0,0.0,,bundled source row covers official items 1,AMBIGUOUS,g9r-anchor-1.0.0,sec_npx
m:52cf9ae58d5fe9968ef4,ES0140609019,CaixaBank,2025-04-10,m:52cf9ae58d5fe9968ef4|npx:approve 2025 variable remuneration scheme,,Approve 2025 Variable Remuneration Scheme,,,UNMATCHED,0.07,0.0,,below floor; best=0.07 concept=LTIP,UNRESOLVED,g9r-anchor-1.0.0,sec_npx
m:d6f3b32ceaf74e0e43f6,ES0140609019,CaixaBank,2024-03-21,m:d6f3b32ceaf74e0e43f6|npx:approve 2024 variable remuneration scheme,,Approve 2024 Variable Remuneration Scheme,,,UNMATCHED,0.07,0.0,,below floor; best=0.07 concept=LTIP,UNRESOLVED,g9r-anchor-1.0.0,sec_npx
m:f323298db8ef8a4a26ba,ES0148396007,Inditex,2025-07-15,m:f323298db8ef8a4a26ba|npx:remuneration policy implementation,,Remuneration Policy & Implementation,,,UNMATCHED,0.1167,0.1167,,below floor; best=0.12 concept=REMUNERATION_POLICY,UNRESOLVED,g9r-anchor-1.0.0,sec_npx
m:0792795137274336ad5f,ES0113900J37,Banco Santander,2025-04-03,m:0792795137274336ad5f|npx:buy out policy,,Buy-Out Policy,,,AMBIGUOUS,0.45,0.0,7.a,concept_eq=1.0 text=0.00 item_eq=0.0 rival=0.45,AMBIGUOUS,g9r-anchor-1.0.0,sec_npx
m:0792795137274336ad5f,ES0113900J37,Banco Santander,2025-04-03,m:0792795137274336ad5f|npx:remuneration policy,,Remuneration Policy,,,AMBIGUOUS,0.45,0.0,7.a,concept_eq=1.0 text=0.00 item_eq=0.0 rival=0.45,AMBIGUOUS,g9r-anchor-1.0.0,sec_npx
m:0792795137274336ad5f,ES0113900J37,Banco Santander,2025-04-03,m:0792795137274336ad5f|npx:approve buy out policy,,Approve Buy-out Policy,,,AMBIGUOUS,0.45,0.0,7.a,concept_eq=1.0 text=0.00 item_eq=0.0 rival=0.45,AMBIGUOUS,g9r-anchor-1.0.0,sec_npx
m:0792795137274336ad5f,ES0113900J37,Banco Santander,2025-04-03,m:0792795137274336ad5f|npx:approve remuneration policy,,Approve Remuneration Policy,,,AMBIGUOUS,0.45,0.0,7.a,concept_eq=1.0 text=0.00 item_eq=0.0 rival=0.45,AMBIGUOUS,g9r-anchor-1.0.0,sec_npx
m:26e6a0f3a22d8a78ef07,ES0144580Y14,Iberdrola,2024-05-17,m:26e6a0f3a22d8a78ef07|npx:amend articles,,Amend Articles,,,AMBIGUOUS,0.45,0.0,6,concept_eq=1.0 text=0.00 item_eq=0.0 rival=0.45,AMBIGUOUS,g9r-anchor-1.0.0,sec_npx
m:26e6a0f3a22d8a78ef07,ES0144580Y14,Iberdrola,2024-05-17,m:26e6a0f3a22d8a78ef07|npx:amend preamble and articles,,Amend Preamble and Articles,,,AMBIGUOUS,0.45,0.0,6,concept_eq=1.0 text=0.00 item_eq=0.0 rival=0.45,AMBIGUOUS,g9r-anchor-1.0.0,sec_npx
m:326835b05889b18b19fc,ES0113900J37,Banco Santander,2024-03-21,m:326835b05889b18b19fc|npx:approve remuneration policy,,Approve Remuneration Policy,,,AMBIGUOUS,0.45,0.0,6.a,concept_eq=1.0 text=0.00 item_eq=0.0 rival=0.45,AMBIGUOUS,g9r-anchor-1.0.0,sec_npx
m:52cf9ae58d5fe9968ef4,ES0140609019,CaixaBank,2025-04-10,m:52cf9ae58d5fe9968ef4|npx:approve remuneration policy,,Approve Remuneration Policy,,,AMBIGUOUS,0.45,0.0,6.1,concept_eq=1.0 text=0.00 item_eq=0.0 rival=0.45,AMBIGUOUS,g9r-anchor-1.0.0,sec_npx
m:6df84069658bc065212a,ES0173516115,Repsol,2025-05-29,m:6df84069658bc065212a|npx:amendment to the long term incentive plan,,Amendment to the Long-Term Incentive Plan,,,AMBIGUOUS,0.45,0.0,16,concept_eq=1.0 text=0.00 item_eq=0.0 rival=0.45,AMBIGUOUS,g9r-anchor-1.0.0,sec_npx
m:6df84069658bc065212a,ES0173516115,Repsol,2025-05-29,m:6df84069658bc065212a|npx:long term incentive plan,,Long-Term Incentive Plan,,,AMBIGUOUS,0.45,0.0,16,concept_eq=1.0 text=0.00 item_eq=0.0 rival=0.45,AMBIGUOUS,g9r-anchor-1.0.0,sec_npx
m:6df84069658bc065212a,ES0173516115,Repsol,2025-05-29,m:6df84069658bc065212a|npx:amend long term incentive plan,,Amend Long-Term Incentive Plan,,,AMBIGUOUS,0.45,0.0,16,concept_eq=1.0 text=0.00 item_eq=0.0 rival=0.45,AMBIGUOUS,g9r-anchor-1.0.0,sec_npx
m:6df84069658bc065212a,ES0173516115,Repsol,2025-05-29,m:6df84069658bc065212a|npx:approve dividends charged against reserves,,Approve Dividends Charged Against Reserves,,,AMBIGUOUS,0.45,0.0,6,concept_eq=1.0 text=0.00 item_eq=0.0 rival=0.45,AMBIGUOUS,g9r-anchor-1.0.0,sec_npx
m:d47e838caf01c4eb6349,ES0109067019,Amadeus,2024-06-05,m:d47e838caf01c4eb6349|npx:approve remuneration policy,,Approve Remuneration Policy,,,AMBIGUOUS,0.45,0.0,7,concept_eq=1.0 text=0.00 item_eq=0.0 rival=0.45,AMBIGUOUS,g9r-anchor-1.0.0,sec_npx
m:d6f3b32ceaf74e0e43f6,ES0140609019,CaixaBank,2024-03-21,m:d6f3b32ceaf74e0e43f6|npx:amend remuneration policy,,Amend Remuneration Policy,,,AMBIGUOUS,0.45,0.0,6.1,concept_eq=1.0 text=0.00 item_eq=0.0 rival=0.45,AMBIGUOUS,g9r-anchor-1.0.0,sec_npx
m:d6f3b32ceaf74e0e43f6,ES0140609019,CaixaBank,2024-03-21,m:d6f3b32ceaf74e0e43f6|npx:authorize board to issue contingent convertible securities f,,Authorize Board to Issue Contingent Convertible Securities for up to EUR 3.5 Billion,,,AMBIGUOUS,0.45,0.0,5.4,concept_eq=1.0 text=0.00 item_eq=0.0 rival=0.45,AMBIGUOUS,g9r-anchor-1.0.0,sec_npx
m:df8a619a7ae99f09fcd4,ES0173093024,Redeia,2024-06-03,m:df8a619a7ae99f09fcd4|npx:approve remuneration policy,,Approve Remuneration Policy,,,AMBIGUOUS,0.45,0.0,10.2,concept_eq=1.0 text=0.00 item_eq=0.0 rival=0.45,AMBIGUOUS,g9r-anchor-1.0.0,sec_npx
m:df8a619a7ae99f09fcd4,ES0173093024,Redeia,2024-06-03,m:df8a619a7ae99f09fcd4|npx:authorize share repurchase program,,Authorize Share Repurchase Program,,,AMBIGUOUS,0.45,0.0,9.1,concept_eq=1.0 text=0.00 item_eq=0.0 rival=0.45,AMBIGUOUS,g9r-anchor-1.0.0,sec_npx
m:c0a280403d1526c67f09,ES0105025003,Merlin Properties,2024-05-08,m:c0a280403d1526c67f09|npx:ratify appoint of and elect juan antonio alcaraz garcia as d,,Ratify Appointment of and Elect Juan Antonio Alcaraz Garcia as Director,,,AMBIGUOUS,0.4818,0.0318,4.9,concept_eq=1.0 text=0.09 item_eq=0.0 rival=0.45,AMBIGUOUS,g9r-anchor-1.0.0,sec_npx
m:02c5f11063c2d02f40d1,ES0173516115,Repsol,2024-05-09,m:02c5f11063c2d02f40d1|npx:approve reduction in share capital via cancellation of treas,,Approve Reduction in Share Capital via Cancellation of Treasury Shares,,,AMBIGUOUS,0.485,0.0,7,concept_eq=1.0 text=0.10 item_eq=0.0 rival=0.48,AMBIGUOUS,g9r-anchor-1.0.0,sec_npx
m:0792795137274336ad5f,ES0113900J37,Banco Santander,2025-04-03,m:0792795137274336ad5f|npx:approve reduction in share capital via cancellation of treas,,Approve Reduction in Share Capital via Cancellation of Treasury Shares,,,AMBIGUOUS,0.485,0.0,6.a,concept_eq=1.0 text=0.10 item_eq=0.0 rival=0.48,AMBIGUOUS,g9r-anchor-1.0.0,sec_npx
m:326835b05889b18b19fc,ES0113900J37,Banco Santander,2024-03-21,m:326835b05889b18b19fc|npx:approve reduction in share capital via amortization of treas,,Approve Reduction in Share Capital via Amortization of Treasury Shares,,,AMBIGUOUS,0.485,0.0,5.b,concept_eq=1.0 text=0.10 item_eq=0.0 rival=0.48,AMBIGUOUS,g9r-anchor-1.0.0,sec_npx
m:6df84069658bc065212a,ES0173516115,Repsol,2025-05-29,m:6df84069658bc065212a|npx:approve reduction in share capital via cancellation of treas,,Approve Reduction in Share Capital via Cancellation of Treasury Shares,,,AMBIGUOUS,0.485,0.0,8,concept_eq=1.0 text=0.10 item_eq=0.0 rival=0.48,AMBIGUOUS,g9r-anchor-1.0.0,sec_npx
m:d6f3b32ceaf74e0e43f6,ES0140609019,CaixaBank,2024-03-21,m:d6f3b32ceaf74e0e43f6|npx:approve reduction in share capital via amortization of treas,,Approve Reduction in Share Capital via Amortization of Treasury Shares,,,AMBIGUOUS,0.485,0.0,5.1,concept_eq=1.0 text=0.10 item_eq=0.0 rival=0.48,AMBIGUOUS,g9r-anchor-1.0.0,sec_npx
m:26e6a0f3a22d8a78ef07,ES0144580Y14,Iberdrola,2024-05-17,m:26e6a0f3a22d8a78ef07|npx:authorize increase in capital up to 50 percent via issuance ,,"Authorize Increase in Capital up to 50 Percent via Issuance of Equity or Equity-Linked Securities, Excluding Preemptive Rights of up to 10 Percent",,,AMBIGUOUS,0.4868,0.0184,20,concept_eq=1.0 text=0.11 item_eq=0.0 rival=0.47,AMBIGUOUS,g9r-anchor-1.0.0,sec_npx
m:52cf9ae58d5fe9968ef4,ES0140609019,CaixaBank,2025-04-10,m:52cf9ae58d5fe9968ef4|npx:elect jose maria mendez alvarez cedron as director,,Elect Jose Maria Mendez Alvarez-Cedron as Director,,,AMBIGUOUS,0.4938,0.0438,4.2,concept_eq=1.0 text=0.12 item_eq=0.0 rival=0.45,AMBIGUOUS,g9r-anchor-1.0.0,sec_npx
m:52cf9ae58d5fe9968ef4,ES0140609019,CaixaBank,2025-04-10,m:52cf9ae58d5fe9968ef4|npx:elect rosa maria garcia pineiro as director,,Elect Rosa Maria Garcia Pineiro as Director,,,AMBIGUOUS,0.5,0.0,4.2,concept_eq=1.0 text=0.14 item_eq=0.0 rival=0.50,AMBIGUOUS,g9r-anchor-1.0.0,sec_npx
m:37154fb43d8203c686b0,ES0178430E18,Telefonica,2024-04-11,m:37154fb43d8203c686b0|npx:elect veronica maria pascual boe as director,,Reelect Veronica Maria Pascual Boe as Director,,,AMBIGUOUS,0.5,0.05,IV.4,concept_eq=1.0 text=0.14 item_eq=0.0 rival=0.45,AMBIGUOUS,g9r-anchor-1.0.0,sec_npx
m:326835b05889b18b19fc,ES0113900J37,Banco Santander,2024-03-21,m:326835b05889b18b19fc|npx:elect jose antonio alvarez alvarez as director,,Reelect Jose Antonio Alvarez Alvarez as Director,,,AMBIGUOUS,0.5083,0.0,3.c,concept_eq=1.0 text=0.17 item_eq=0.0 rival=0.51,AMBIGUOUS,g9r-anchor-1.0.0,sec_npx
m:0792795137274336ad5f,ES0113900J37,Banco Santander,2025-04-03,m:0792795137274336ad5f|npx:renew appoint of pricewaterhousecoopers as auditor,,Renew Appointment of PricewaterhouseCoopers as Auditor,,,AMBIGUOUS,0.5083,0.0583,4,concept_eq=1.0 text=0.17 item_eq=0.0 rival=0.45,AMBIGUOUS,g9r-anchor-1.0.0,sec_npx
m:326835b05889b18b19fc,ES0113900J37,Banco Santander,2024-03-21,m:326835b05889b18b19fc|npx:elect belen romana garcia as director,,Reelect Belen Romana Garcia as Director,,,AMBIGUOUS,0.5083,0.0583,3.h,concept_eq=1.0 text=0.17 item_eq=0.0 rival=0.45,AMBIGUOUS,g9r-anchor-1.0.0,sec_npx
m:913ec181b24a095c3168,ES0113211835,BBVA,2024-03-14,m:913ec181b24a095c3168|npx:elect belen garijo lopez as director,,Reelect Belen Garijo Lopez as Director,,,AMBIGUOUS,0.5083,0.0583,2.3,concept_eq=1.0 text=0.17 item_eq=0.0 rival=0.45,AMBIGUOUS,g9r-anchor-1.0.0,sec_npx
m:52cf9ae58d5fe9968ef4,ES0140609019,CaixaBank,2025-04-10,m:52cf9ae58d5fe9968ef4|npx:fix maximum variable compensation ratio,,Fix Maximum Variable Compensation Ratio,,,AMBIGUOUS,0.52,0.0,6.3,concept_eq=1.0 text=0.20 item_eq=0.0 rival=0.52,AMBIGUOUS,g9r-anchor-1.0.0,sec_npx
m:d6f3b32ceaf74e0e43f6,ES0140609019,CaixaBank,2024-03-21,m:d6f3b32ceaf74e0e43f6|npx:fix maximum variable compensation ratio,,Fix Maximum Variable Compensation Ratio,,,AMBIGUOUS,0.52,0.0,6.2,concept_eq=1.0 text=0.20 item_eq=0.0 rival=0.52,AMBIGUOUS,g9r-anchor-1.0.0,sec_npx
m:0313381ad4e08e72c18a,ES0113211835,BBVA,2025-03-20,m:0313381ad4e08e72c18a|npx:elect onur genc as director,,Reelect Onur Genc as Director,,,AMBIGUOUS,0.52,0.07,2.2,concept_eq=1.0 text=0.20 item_eq=0.0 rival=0.45,AMBIGUOUS,g9r-anchor-1.0.0,sec_npx
m:0792795137274336ad5f,ES0113900J37,Banco Santander,2025-04-03,m:0792795137274336ad5f|npx:fix maximum variable compensation ratio,,Fix Maximum Variable Compensation Ratio,,,AMBIGUOUS,0.52,0.07,7.c,concept_eq=1.0 text=0.20 item_eq=0.0 rival=0.45,AMBIGUOUS,g9r-anchor-1.0.0,sec_npx
m:326835b05889b18b19fc,ES0113900J37,Banco Santander,2024-03-21,m:326835b05889b18b19fc|npx:fix maximum variable compensation ratio,,Fix Maximum Variable Compensation Ratio,,,AMBIGUOUS,0.52,0.07,6.c,concept_eq=1.0 text=0.20 item_eq=0.0 rival=0.45,AMBIGUOUS,g9r-anchor-1.0.0,sec_npx
m:37154fb43d8203c686b0,ES0178430E18,Telefonica,2024-04-11,m:37154fb43d8203c686b0|npx:ratify appoint of and elect alejandro reynal ample as direct,,Ratify Appointment of and Elect Alejandro Reynal Ample as Director,,,AMBIGUOUS,0.52,0.07,IV.7,concept_eq=1.0 text=0.20 item_eq=0.0 rival=0.45,AMBIGUOUS,g9r-anchor-1.0.0,sec_npx
m:37154fb43d8203c686b0,ES0178430E18,Telefonica,2024-04-11,m:37154fb43d8203c686b0|npx:ratify appoint of and elect solange sobral targa as director,,Ratify Appointment of and Elect Solange Sobral Targa as Director,,,AMBIGUOUS,0.52,0.07,IV.6,concept_eq=1.0 text=0.20 item_eq=0.0 rival=0.45,AMBIGUOUS,g9r-anchor-1.0.0,sec_npx
m:37154fb43d8203c686b0,ES0178430E18,Telefonica,2024-04-11,m:37154fb43d8203c686b0|npx:elect peter loscher as director,,Reelect Peter Loscher as Director,,,AMBIGUOUS,0.52,0.07,IV.3,concept_eq=1.0 text=0.20 item_eq=0.0 rival=0.45,AMBIGUOUS,g9r-anchor-1.0.0,sec_npx
m:c0a280403d1526c67f09,ES0105025003,Merlin Properties,2024-05-08,m:c0a280403d1526c67f09|npx:elect ines archer toper as director,,Elect Ines Archer Toper as Director,,,AMBIGUOUS,0.52,0.07,4.10,concept_eq=1.0 text=0.20 item_eq=0.0 rival=0.45,AMBIGUOUS,g9r-anchor-1.0.0,sec_npx
m:d47e838caf01c4eb6349,ES0109067019,Amadeus,2024-06-05,m:d47e838caf01c4eb6349|npx:elect peter kuerpick as director,,Reelect Peter Kuerpick as Director,,,AMBIGUOUS,0.52,0.07,6.5,concept_eq=1.0 text=0.20 item_eq=0.0 rival=0.45,AMBIGUOUS,g9r-anchor-1.0.0,sec_npx
m:0792795137274336ad5f,ES0113900J37,Banco Santander,2025-04-03,m:0792795137274336ad5f|npx:maximum variable pay ratio,,Maximum Variable Pay Ratio,,,AMBIGUOUS,0.5375,0.0875,7.c,concept_eq=1.0 text=0.25 item_eq=0.0 rival=0.45,AMBIGUOUS,g9r-anchor-1.0.0,sec_npx
m:326835b05889b18b19fc,ES0113900J37,Banco Santander,2024-03-21,m:326835b05889b18b19fc|npx:approve buy out policy,,Approve Buy-out Policy,,,AMBIGUOUS,0.5375,0.0875,6.e,concept_eq=1.0 text=0.25 item_eq=0.0 rival=0.45,AMBIGUOUS,g9r-anchor-1.0.0,sec_npx
m:6df84069658bc065212a,ES0173516115,Repsol,2025-05-29,m:6df84069658bc065212a|npx:elect aurora cata sala as director,,Reelect Aurora Cata Sala as Director,,,AMBIGUOUS,0.5667,0.1167,11,concept_eq=1.0 text=0.33 item_eq=0.0 rival=0.45,AMBIGUOUS,g9r-anchor-1.0.0,sec_npx
m:df8a619a7ae99f09fcd4,ES0173093024,Redeia,2024-06-03,m:df8a619a7ae99f09fcd4|npx:elect roberto garcia merino as director,,Reelect Roberto Garcia Merino as Director,,,AMBIGUOUS,0.5667,0.1167,6.2,concept_eq=1.0 text=0.33 item_eq=0.0 rival=0.45,AMBIGUOUS,g9r-anchor-1.0.0,sec_npx
m:c7997b16124fd21d12f1,NL0000235190,NL0000235190,2024-04-10,m:c7997b16124fd21d12f1|npx:elect jean pierre clamadieu as non executive director,,Reelect Jean-Pierre Clamadieu as Non-Executive Director,,,AMBIGUOUS,0.5813,0.0613,13,concept_eq=1.0 text=0.38 item_eq=0.0 rival=0.52,AMBIGUOUS,g9r-anchor-1.0.0,sec_npx
m:c7997b16124fd21d12f1,NL0000235190,NL0000235190,2024-04-10,m:c7997b16124fd21d12f1|npx:approve discharge of executive directors,,Approve Discharge of Executive Directors,,,AMBIGUOUS,0.59,0.0,4,concept_eq=1.0 text=0.40 item_eq=0.0 rival=0.59,AMBIGUOUS,g9r-anchor-1.0.0,sec_npx
m:913ec181b24a095c3168,ES0113211835,BBVA,2024-03-14,m:913ec181b24a095c3168|npx:elect cristina de parias halcon as director,,Elect Cristina de Parias Halcon as Director,,,AMBIGUOUS,0.6,0.05,2.7,concept_eq=1.0 text=0.43 item_eq=0.0 rival=0.55,AMBIGUOUS,g9r-anchor-1.0.0,sec_npx
m:c7997b16124fd21d12f1,NL0000235190,NL0000235190,2024-04-10,m:c7997b16124fd21d12f1|npx:elect amparo moraleda as non executive director,,Reelect Amparo Moraleda as Non-Executive Director,,,AMBIGUOUS,0.6,0.08,13,concept_eq=1.0 text=0.43 item_eq=0.0 rival=0.52,AMBIGUOUS,g9r-anchor-1.0.0,sec_npx
m:c7997b16124fd21d12f1,NL0000235190,NL0000235190,2024-04-10,m:c7997b16124fd21d12f1|npx:elect rene obermann as non executive director,,Reelect Rene Obermann as Non-Executive Director,,,AMBIGUOUS,0.6,0.08,13,concept_eq=1.0 text=0.43 item_eq=0.0 rival=0.52,AMBIGUOUS,g9r-anchor-1.0.0,sec_npx
m:c7997b16124fd21d12f1,NL0000235190,NL0000235190,2024-04-10,m:c7997b16124fd21d12f1|npx:elect victor chu as non executive director,,Reelect Victor Chu as Non-Executive Director,,,AMBIGUOUS,0.6,0.08,13,concept_eq=1.0 text=0.43 item_eq=0.0 rival=0.52,AMBIGUOUS,g9r-anchor-1.0.0,sec_npx
m:c7997b16124fd21d12f1,NL0000235190,NL0000235190,2024-04-10,m:c7997b16124fd21d12f1|npx:approve discharge of non executive directors,,Approve Discharge of Non-Executive Directors,,,AMBIGUOUS,0.625,0.0583,4,concept_eq=1.0 text=0.50 item_eq=0.0 rival=0.57,AMBIGUOUS,g9r-anchor-1.0.0,sec_npx
m:df8a619a7ae99f09fcd4,ES0173093024,Redeia,2024-06-03,m:df8a619a7ae99f09fcd4|npx:elect guadalupe de la mata munoz as director,,Elect Guadalupe de la Mata Munoz as Director,,,AMBIGUOUS,0.625,0.1312,6.3,concept_eq=1.0 text=0.50 item_eq=0.0 rival=0.49,AMBIGUOUS,g9r-anchor-1.0.0,sec_npx
m:0313381ad4e08e72c18a,ES0113211835,BBVA,2025-03-20,m:0313381ad4e08e72c18a|npx:elect connie hedegaard koksbang as director,,Reelect Connie Hedegaard Koksbang as Director,,,AMBIGUOUS,0.625,0.175,2.3,concept_eq=1.0 text=0.50 item_eq=0.0 rival=0.45,AMBIGUOUS,g9r-anchor-1.0.0,sec_npx
m:6df84069658bc065212a,ES0173516115,Repsol,2025-05-29,m:6df84069658bc065212a|npx:elect isabel torremocha ferrezuelo as director,,Reelect Isabel Torremocha Ferrezuelo as Director,,,AMBIGUOUS,0.625,0.175,12,concept_eq=1.0 text=0.50 item_eq=0.0 rival=0.45,AMBIGUOUS,g9r-anchor-1.0.0,sec_npx
m:6df84069658bc065212a,ES0173516115,Repsol,2025-05-29,m:6df84069658bc065212a|npx:elect mariano marzo carpio as director,,Reelect Mariano Marzo Carpio as Director,,,AMBIGUOUS,0.625,0.175,13,concept_eq=1.0 text=0.50 item_eq=0.0 rival=0.45,AMBIGUOUS,g9r-anchor-1.0.0,sec_npx
m:df8a619a7ae99f09fcd4,ES0173093024,Redeia,2024-06-03,m:df8a619a7ae99f09fcd4|npx:elect beatriz corredor sierra as director,,Reelect Beatriz Corredor Sierra as Director,,,AMBIGUOUS,0.625,0.175,6.1,concept_eq=1.0 text=0.50 item_eq=0.0 rival=0.45,AMBIGUOUS,g9r-anchor-1.0.0,sec_npx
m:913ec181b24a095c3168,ES0113211835,BBVA,2024-03-14,m:913ec181b24a095c3168|npx:elect ana cristina peralta moreno as director,,Reelect Ana Cristina Peralta Moreno as Director,,,AMBIGUOUS,0.65,0.15,2.4,concept_eq=1.0 text=0.57 item_eq=0.0 rival=0.50,AMBIGUOUS,g9r-anchor-1.0.0,sec_npx
