meeting_id,issuer,meeting_date,mapfre_key,mapfre_item,mapfre_text,canonical_proposal_id,canonical_text,n_variants,method,score,margin,evidence,review_status,matcher_version,rival_text
m:02c5f11063c2d02f40d1,Repsol,2024-05-09,m:02c5f11063c2d02f40d1|mapfre:p:3a5907762276ae864423,6,"DISTRIBUTION OF THE FIXED AMOUNT OF 0.45 EUROS GROSS PER SHARE FROM FREE RESERVES. DELEGATION OF POWER TO THE BOARD OF DIRECTORS OR, BY SUBSTITUTION, TO THE DELEGATED COMMISSION OR THE MANAGING DIRECTOR, TO FIX THE CONDITIONS OF THE DISTRIBUTION IN EVERYTHING NOT FORESEEN BY THE GENERAL MEETING, PERFORM THE ACTS NECESSARY FOR ITS EXECUTION AND GRANT WHATEVER PUBLIC AND PRIVATE DOCUMENTS ARE NECESSARY FOR THE EXECUTION OF THE AGREEMENT",,,0,UNMATCHED,0.0,0.0,no candidate above floor,UNRESOLVED,g9-matcher-1.0.0,
m:02c5f11063c2d02f40d1,Repsol,2024-05-09,m:02c5f11063c2d02f40d1|mapfre:p:415b6152174a7fefc157,8,"APPROVAL OF A REDUCTION OF SHARE CAPITAL OF A MAXIMUM AMOUNT OF 121.739.605 EUROS, EQUIVALENT TO TEN PERCENT OF THE SHARE CAPITAL, BY MEANS OF THE AMORTIZATION OF A MAXIMUM OF 121.739.605 OWN SHARES OF THE COMPANY. DELEGATION OF POWERS TO THE BOARD OF DIRECTORS OR, BY SUBSTITUTION, TO THE DELEGATED COMMISSION OR THE CHIEF EXECUTIVE OFFICER, TO AGREE ON THE IMPLEMENTATION OF THE REDUCTION AND TO FIX THE OTHER CONDITIONS OF THE REDUCTION AS NOT FORESEEN BY THE GENERAL MEETING, INCLUDING, INTER ALIA, THE POWER TO REDRAFT ARTICLES 5 AND 6 OF THE COMPANY'S ARTICLES OF ASSOCIATION RELATING TO SHARE CAPITAL AND SHARES, RESPECTIVELY, AND TO REQUEST THE EXCLUSION FROM TRADING AND THE CANCELLATION OF ACCOUNTING RECORDS OF THE SHARES TO BE WRITTEN OFF",,,0,UNMATCHED,0.0,0.0,no candidate above floor,UNRESOLVED,g9-matcher-1.0.0,
m:02c5f11063c2d02f40d1,Repsol,2024-05-09,m:02c5f11063c2d02f40d1|mapfre:p:49f79b3487b1865e2027,4,"EXAMINATION AND APPROVAL, IF APPLICABLE, OF THE MANAGEMENT OF THE BOARD OF DIRECTORS OF REPSOL, SOCIEDAD ANONIMA FOR THE 2023 BUSINESS YEAR",,,0,UNMATCHED,0.0,0.0,no candidate above floor,UNRESOLVED,g9-matcher-1.0.0,
m:02c5f11063c2d02f40d1,Repsol,2024-05-09,m:02c5f11063c2d02f40d1|mapfre:p:4c35e3273e9fc3a63128,1,"EXAMINATION AND APPROVAL, IF APPROPRIATE, OF THE ANNUAL ACCOUNTS AND MANAGEMENT REPORT OF REPSOL, SOCIEDAD ANONIMA AND OF THE CONSOLIDATED ANNUAL ACCOUNTS AND THE CONSOLIDATED MANAGEMENT REPORT, FOR THE YEAR ENDED DECEMBER 31, 2023",,,0,UNMATCHED,0.0,0.0,no candidate above floor,UNRESOLVED,g9-matcher-1.0.0,
m:02c5f11063c2d02f40d1,Repsol,2024-05-09,m:02c5f11063c2d02f40d1|mapfre:p:c4ffa1b2f2e0018b0428,11,"DELEGATION OF POWERS TO INTERPRET, SUPPLEMENT, DEVELOP, EXECUTE, REMEDY AND FORMALIZE THE AGREEMENTS ADOPTED BY THE GENERAL MEETING",,,0,UNMATCHED,0.0,0.0,no candidate above floor,UNRESOLVED,g9-matcher-1.0.0,
m:02c5f11063c2d02f40d1,Repsol,2024-05-09,m:02c5f11063c2d02f40d1|mapfre:p:d492b93430f5e1934791,2,"EXAMINATION AND APPROVAL, IF APPROPRIATE, OF THE PROPOSAL FOR THE APPLICATION OF THE RESULT FOR THE FINANCIAL YEAR 2023",,,0,UNMATCHED,0.0,0.0,no candidate above floor,UNRESOLVED,g9-matcher-1.0.0,
m:0313381ad4e08e72c18a,BBVA,2025-03-20,m:0313381ad4e08e72c18a|mapfre:p:1a6a997c4b962a9939d9,5,APPROVAL OF A MAXIMUM LEVEL OF VARIABLE REMUNERATION OF UP TO 200 PER CENT OF THE FIXED COMPONENT OF THE TOTAL REMUNERATION FOR A CERTAIN GROUP OF EMPLOYEES WHOSE PROFESSIONAL,,,0,UNMATCHED,0.0,0.0,no candidate above floor,UNRESOLVED,g9-matcher-1.0.0,
m:0313381ad4e08e72c18a,BBVA,2025-03-20,m:0313381ad4e08e72c18a|mapfre:p:1da18c80fbafbc3da803,7,"DELEGATION OF POWERS TO THE BOARD OF DIRECTORS, WITH THE AUTHORITY TO SUBSTITUTE, IN ORDER TO FORMALISE, AMEND, INTERPRET AND EXECUTE THE RESOLUTIONS ADOPTED BY THE ANNUAL GENERAL",,,0,UNMATCHED,0.0,0.0,no candidate above floor,UNRESOLVED,g9-matcher-1.0.0,
m:0313381ad4e08e72c18a,BBVA,2025-03-20,m:0313381ad4e08e72c18a|mapfre:p:20d67486050a3e86e60e,3,"APPROVAL OF THE REDUCTION OF THE SHARE CAPITAL OF THE BANK, IN UP TO A MAXIMUM AMOUNT OF 10 PER CENT OF THE SHARE CAPITAL AS OF THE DATE OF THE RESOLUTION, THROUGH THE REDEMPTION",,,0,UNMATCHED,0.0,0.0,no candidate above floor,UNRESOLVED,g9-matcher-1.0.0,
m:0313381ad4e08e72c18a,BBVA,2025-03-20,m:0313381ad4e08e72c18a|mapfre:p:b146f51e0af9132cdd2e,4,RENEWAL OF THE DELEGATION OF POWERS TO THE BOARD OF DIRECTORS IN RELATION TO THE EXECUTION OF THE SHARE CAPITAL INCREASE VIA NON-MONETARY CONTRIBUTIONS APPROVED BY THE EXTRAORDINARY,,,0,UNMATCHED,0.0,0.0,no candidate above floor,UNRESOLVED,g9-matcher-1.0.0,
m:0313381ad4e08e72c18a,BBVA,2025-03-20,m:0313381ad4e08e72c18a|mapfre:p:c746f2d60891d2aed07b,6,"RE-ELECTION OF THE AUDITORS OF ACCOUNTS FOR BANCO BILBAO VIZCAYA ARGENTARIA, S.A. AND ITS CONSOLIDATED GROUP FOR THE FINANCIAL YEAR 2025",,,0,UNMATCHED,0.0,0.0,no candidate above floor,UNRESOLVED,g9-matcher-1.0.0,
m:0792795137274336ad5f,Banco Santander,2025-04-03,m:0792795137274336ad5f|mapfre:p:0d63739add9e31301c0d,3A,BOARD OF DIRECTORS: APPOINTMENT AND RE-ELECTION OF DIRECTORS: SETTING OF THE NUMBER OF DIRECTORS,,,0,UNMATCHED,0.0,0.0,no candidate above floor,UNRESOLVED,g9-matcher-1.0.0,
m:0792795137274336ad5f,Banco Santander,2025-04-03,m:0792795137274336ad5f|mapfre:p:1a2775d73aa5c4a3422a,1A,"ANNUAL ACCOUNTS AND CORPORATE MANAGEMENT: ANNUAL ACCOUNTS AND DIRECTORS REPORTS OF BANCO SANTANDER, S.A. AND OF ITS CONSOLIDATED GROUP FOR 2024",,,0,UNMATCHED,0.0,0.0,no candidate above floor,UNRESOLVED,g9-matcher-1.0.0,
m:0792795137274336ad5f,Banco Santander,2025-04-03,m:0792795137274336ad5f|mapfre:p:2d7f5e5f39097fa5fe34,4,RE-ELECTION OF THE EXTERNAL AUDITOR FOR FINANCIAL YEAR 2025,,,0,UNMATCHED,0.0,0.0,no candidate above floor,UNRESOLVED,g9-matcher-1.0.0,
m:0792795137274336ad5f,Banco Santander,2025-04-03,m:0792795137274336ad5f|mapfre:p:76d84ee6546906bd4e75,2,APPLICATION OF RESULTS OBTAINED DURING 2024,,,0,UNMATCHED,0.0,0.0,no candidate above floor,UNRESOLVED,g9-matcher-1.0.0,
m:0792795137274336ad5f,Banco Santander,2025-04-03,m:0792795137274336ad5f|mapfre:p:7b9d53958b7fb7877647,5,APPOINTMENT OF THE VERIFIER OF SUSTAINABILITY INFORMATION FOR FINANCIAL YEAR 2025,,,0,UNMATCHED,0.0,0.0,no candidate above floor,UNRESOLVED,g9-matcher-1.0.0,
m:0792795137274336ad5f,Banco Santander,2025-04-03,m:0792795137274336ad5f|mapfre:p:a0878c5f2195f26ca186,1C,ANNUAL ACCOUNTS AND CORPORATE MANAGEMENT: CORPORATE MANAGEMENT FOR 2024,,,0,UNMATCHED,0.0,0.0,no candidate above floor,UNRESOLVED,g9-matcher-1.0.0,
m:0792795137274336ad5f,Banco Santander,2025-04-03,m:0792795137274336ad5f|mapfre:p:e1ffcce4945496b1c85a,7E,REMUNERATION: APPLICATION OF THE GROUP'S BUYOUT REGULATIONS,,,0,UNMATCHED,0.0,0.0,no candidate above floor,UNRESOLVED,g9-matcher-1.0.0,
m:0792795137274336ad5f,Banco Santander,2025-04-03,m:0792795137274336ad5f|mapfre:p:fcca8622cd426b414a6c,8,AUTHORISATION TO THE BOARD AND GRANT OF POWERS FOR CONVERSION INTO PUBLIC INSTRUMENT,,,0,UNMATCHED,0.0,0.0,no candidate above floor,UNRESOLVED,g9-matcher-1.0.0,
m:2021d2e7801db6f67768,Amadeus,2025-06-03,m:2021d2e7801db6f67768|mapfre:p:277db1f6066ae6c95d42,8,"RENEWAL OF THE APPOINTMENT OF THE STATUTORY AUDITORS OF THE COMPANY AND ITS CONSOLIDATED GROUP FOR 2025, 2026, 2027",,,0,UNMATCHED,0.0,0.0,no candidate above floor,UNRESOLVED,g9-matcher-1.0.0,
m:2021d2e7801db6f67768,Amadeus,2025-06-03,m:2021d2e7801db6f67768|mapfre:p:45b499f62620b7c481b7,5,EXAMINATION AND APPROVAL OF THE MANAGEMENT CARRIED OUT BY THE BOARD OF DIRECTORS FOR THE YEAR 2024,,,0,UNMATCHED,0.0,0.0,no candidate above floor,UNRESOLVED,g9-matcher-1.0.0,
m:2021d2e7801db6f67768,Amadeus,2025-06-03,m:2021d2e7801db6f67768|mapfre:p:5082aead60caedbddf1e,6,FIXING THE NUMBER OF SEATS ON THE BOARD OF DIRECTORS INDEPENDENT DIRECTOR FOR A TERM OF THREE YEARS CONNELLY AS INDEPENDENT DIRECTOR FOR A TERM OF ONE YEAR CAMINO AS EXECUTIVE DIRECTOR FOR A TERM OF ONE YEAR CEBALLOS ZUNIGA AS INDEPENDENT DIRECTOR FOR A TERM OF ONE YEAR GEMKOW AS INDEPENDENT DIRECTOR FOR A TERM OF ONE YEAR AS INDEPENDENT DIRECTOR FOR A TERM OF ONE YEAR CLEVER STEG AS INDEPENDENT DIRECTOR FOR A TERM OF ONE YEAR AS INDEPENDENT DIRECTOR FOR A TERM OF ONE YEAR AS INDEPENDENT DIRECTOR FOR A TERM OF ONE YEAR SODERSTROM AS INDEPENDENT DIRECTOR FOR A TERM OF ONE YEAR FIGUERAS AS INDEPENDENT DIRECTOR FOR A TERM OF ONE YEAR,,,0,UNMATCHED,0.0,0.0,no candidate above floor,UNRESOLVED,g9-matcher-1.0.0,
m:2021d2e7801db6f67768,Amadeus,2025-06-03,m:2021d2e7801db6f67768|mapfre:p:54ce76fc25e41c0a2459,9,"DELEGATION OF POWERS TO THE BOARD WITH SUBSTITUTION FOR THE FORMALIZATION, REMEDY, IMPLEMENTATION OF THE RESOLUTIONS",,,0,UNMATCHED,0.0,0.0,no candidate above floor,UNRESOLVED,g9-matcher-1.0.0,
m:2021d2e7801db6f67768,Amadeus,2025-06-03,m:2021d2e7801db6f67768|mapfre:p:5f82a8d99828a200122c,2,EXAMINATION AND APPROVAL OF THE NON FINANCIAL INFORMATION STATEMENT AND SUSTAINABILITY INFORMATION 2024,,,0,UNMATCHED,0.0,0.0,no candidate above floor,UNRESOLVED,g9-matcher-1.0.0,
m:2021d2e7801db6f67768,Amadeus,2025-06-03,m:2021d2e7801db6f67768|mapfre:p:863ec6367056b9b100b4,4,APPROVAL OF THE PROPOSAL ON THE APPROPRIATION OF 2024 RESULTS AND OTHER COMPANY RESERVES,,,0,UNMATCHED,0.0,0.0,no candidate above floor,UNRESOLVED,g9-matcher-1.0.0,
m:2021d2e7801db6f67768,Amadeus,2025-06-03,m:2021d2e7801db6f67768|mapfre:p:a3be54b50bb2f20e4a80,1,EXAMINATION AND APPROVAL OF THE ANNUAL ACCOUNTS AND DIRECTORS REPORT FOR THE FINANCIAL YEAR 2024,,,0,UNMATCHED,0.0,0.0,no candidate above floor,UNRESOLVED,g9-matcher-1.0.0,
m:26e6a0f3a22d8a78ef07,Iberdrola,2024-05-17,m:26e6a0f3a22d8a78ef07|mapfre:p:0f8061617ec7ae821724,7,"AMENDMENT OF CURRENT ARTICLES 9, 12, 13, 14, 16, 18, 19, 22, 23, 27, 56 AND 60 OF THE BY-LAWS, AND ADDITION OF TWO NEW ARTICLES 14 AND 19, ALL TO STRENGTHEN THE CONTINUOUS AND ONGOING ENGAGEMENT OF THE SHAREHOLDERS IN COMPANY LIFE AND TO ENCOURAGE THEIR EFFECTIVE AND SUSTAINABLE INVOLVEMENT IN THE COMPANY",,,0,UNMATCHED,0.0,0.0,no candidate above floor,UNRESOLVED,g9-matcher-1.0.0,
m:26e6a0f3a22d8a78ef07,Iberdrola,2024-05-17,m:26e6a0f3a22d8a78ef07|mapfre:p:10ee3afb13f3473c7a07,11,"ALLOCATION OF PROFITS/LOSSES AND DIVIDEND FOR 2023: APPROVAL AND SUPPLEMENTARY PAYMENT, WHICH WILL BE MADE WITHIN THE FRAMEWORK OF THE IBERDROLA RETRIBUCION FLEXIBLE OPTIONAL DIVIDEND SYSTEM",,,0,UNMATCHED,0.0,0.0,no candidate above floor,UNRESOLVED,g9-matcher-1.0.0,
m:26e6a0f3a22d8a78ef07,Iberdrola,2024-05-17,m:26e6a0f3a22d8a78ef07|mapfre:p:1c2799c5a4dc654818d6,1,ANNUAL FINANCIAL STATEMENTS 2023,,,0,UNMATCHED,0.0,0.0,no candidate above floor,UNRESOLVED,g9-matcher-1.0.0,
m:26e6a0f3a22d8a78ef07,Iberdrola,2024-05-17,m:26e6a0f3a22d8a78ef07|mapfre:p:2a628c24baa0d4da2afa,2,DIRECTORS REPORTS 2023,,,0,UNMATCHED,0.0,0.0,no candidate above floor,UNRESOLVED,g9-matcher-1.0.0,
m:26e6a0f3a22d8a78ef07,Iberdrola,2024-05-17,m:26e6a0f3a22d8a78ef07|mapfre:p:672fb48095c50025b9a0,4,CORPORATE MANAGEMENT AND ACTIVITIES OF THE BOARD OF DIRECTORS IN 2023,,,0,UNMATCHED,0.0,0.0,no candidate above floor,UNRESOLVED,g9-matcher-1.0.0,
m:26e6a0f3a22d8a78ef07,Iberdrola,2024-05-17,m:26e6a0f3a22d8a78ef07|mapfre:p:697ff502fa85269e18f5,14,"REDUCTION IN CAPITAL BY MEANS OF THE RETIREMENT OF A MAXIMUM OF 183,299,000 OWN SHARES (2.854PCT. OF THE SHARE CAPITAL)",,,0,UNMATCHED,0.0,0.0,no candidate above floor,UNRESOLVED,g9-matcher-1.0.0,
m:26e6a0f3a22d8a78ef07,Iberdrola,2024-05-17,m:26e6a0f3a22d8a78ef07|mapfre:p:7019d017fa62c36a82ee,13,"SECOND INCREASE IN CAPITAL BY MEANS OF A SCRIP ISSUE AT A MAXIMUM REFERENCE MARKET VALUE OF EUR1,700 MILLION IN ORDER TO IMPLEMENT THE IBERDROLA RETRIBUCION FLEXIBLE OPTIONAL DIVIDEND SYSTEM",,,0,UNMATCHED,0.0,0.0,no candidate above floor,UNRESOLVED,g9-matcher-1.0.0,
m:26e6a0f3a22d8a78ef07,Iberdrola,2024-05-17,m:26e6a0f3a22d8a78ef07|mapfre:p:749f96002694e7a028a1,19,SETTING OF THE NUMBER OF MEMBERS OF THE BOARD OF DIRECTORS AT FOURTEEN,,,0,UNMATCHED,0.0,0.0,no candidate above floor,UNRESOLVED,g9-matcher-1.0.0,
m:26e6a0f3a22d8a78ef07,Iberdrola,2024-05-17,m:26e6a0f3a22d8a78ef07|mapfre:p:96fd3e73c635601ba6b8,21,"AUTHORISATION TO ISSUE BONDS EXCHANGEABLE AND/OR CONVERTIBLE INTO SHARES AND WARRANTS, IN AN AMOUNT OF UP TO EUR5,000 MILLION AND A MAXIMUM TERM OF FIVE YEARS, WITH THE POWER TO EXCLUDE PRE-EMPTIVE RIGHTS, LIMITED TO AN AGGREGATE MAXIMUM OF 10PCT. OF THE SHARE CAPITAL",,,0,UNMATCHED,0.0,0.0,no candidate above floor,UNRESOLVED,g9-matcher-1.0.0,
m:26e6a0f3a22d8a78ef07,Iberdrola,2024-05-17,m:26e6a0f3a22d8a78ef07|mapfre:p:a7183a522af56d466fdd,22,DELEGATION OF POWERS TO FORMALISE AND TO CONVERT THE RESOLUTIONS ADOPTED INTO A PUBLIC INSTRUMENT,,,0,UNMATCHED,0.0,0.0,no candidate above floor,UNRESOLVED,g9-matcher-1.0.0,
m:26e6a0f3a22d8a78ef07,Iberdrola,2024-05-17,m:26e6a0f3a22d8a78ef07|mapfre:p:b48836ecacb74c862d74,12,"FIRST INCREASE IN CAPITAL BY MEANS OF A SCRIP ISSUE AT A MAXIMUM REFERENCE MARKET VALUE OF EUR2,600 MILLION IN ORDER TO IMPLEMENT THE IBERDROLA RETRIBUCION FLEXIBLE OPTIONAL DIVIDEND SYSTEM",,,0,UNMATCHED,0.0,0.0,no candidate above floor,UNRESOLVED,g9-matcher-1.0.0,
m:26e6a0f3a22d8a78ef07,Iberdrola,2024-05-17,m:26e6a0f3a22d8a78ef07|mapfre:p:c1c3224580c113e3d78d,20,"AUTHORISATION TO INCREASE THE SHARE CAPITAL ON THE TERMS AND WITHIN THE LIMITS PROVIDED BY LAW, FOR A MAXIMUM PERIOD OF FIVE YEARS AND WITH THE POWER TO EXCLUDE PRE-EMPTIVE RIGHTS, LIMITED TO AN AGGREGATE MAXIMUM OF 10PCT. OF THE SHARE CAPITAL",,,0,UNMATCHED,0.0,0.0,no candidate above floor,UNRESOLVED,g9-matcher-1.0.0,
m:326835b05889b18b19fc,Banco Santander,2024-03-21,m:326835b05889b18b19fc|mapfre:p:334ee134c79ce36bc4d5,6E,REMUNERATION: APPLICATION OF THE GROUPS BUY OUT REGULATIONS,,,0,UNMATCHED,0.0,0.0,no candidate above floor,UNRESOLVED,g9-matcher-1.0.0,
m:326835b05889b18b19fc,Banco Santander,2024-03-21,m:326835b05889b18b19fc|mapfre:p:396adbaca870209a2c82,5C,"SHARE CAPITAL: REDUCTION IN SHARE CAPITAL IN THE MAXIMUM AMOUNT OF EUR 791,278,928.50, THROUGH THE CANCELLATION OF A MAXIMUM OF 1,582,557,857 OWN SHARES. DELEGATION OF POWERS",,,0,UNMATCHED,0.0,0.0,no candidate above floor,UNRESOLVED,g9-matcher-1.0.0,
m:326835b05889b18b19fc,Banco Santander,2024-03-21,m:326835b05889b18b19fc|mapfre:p:4627808f1ec07e65152b,7,AUTHORISATION TO THE BOARD AND GRANT OF POWERS FOR CONVERSION INTO PUBLIC INSTRUMENT,,,0,UNMATCHED,0.0,0.0,no candidate above floor,UNRESOLVED,g9-matcher-1.0.0,
m:326835b05889b18b19fc,Banco Santander,2024-03-21,m:326835b05889b18b19fc|mapfre:p:835acd4a714312cfd6fb,1C,ANNUAL ACCOUNTS AND CORPORATE MANAGEMENT: CORPORATE MANAGEMENT FOR 2023,,,0,UNMATCHED,0.0,0.0,no candidate above floor,UNRESOLVED,g9-matcher-1.0.0,
m:326835b05889b18b19fc,Banco Santander,2024-03-21,m:326835b05889b18b19fc|mapfre:p:88024bc590b3ac0489f1,5A,"SHARE CAPITAL: AUTHORISATION TO INCREASE SHARE CAPITAL WITHIN A 3 YEAR PERIOD THROUGH CASH CONTRIBUTIONS IN THE MAXIMUM NOMINAL AMOUNT OF EUR 3,956,394,643. DELEGATION TO EXCLUDE PRE-EMPTIVE RIGHTS",,,0,UNMATCHED,0.0,0.0,no candidate above floor,UNRESOLVED,g9-matcher-1.0.0,
m:326835b05889b18b19fc,Banco Santander,2024-03-21,m:326835b05889b18b19fc|mapfre:p:8c97e033ad0d01efb3b2,1A,"ANNUAL ACCOUNTS AND CORPORATE MANAGEMENT: ANNUAL ACCOUNTS AND DIRECTORS REPORTS OF BANCO SANTANDER, S.A. AND OF ITS CONSOLIDATED GROUP FOR 2023",,,0,UNMATCHED,0.0,0.0,no candidate above floor,UNRESOLVED,g9-matcher-1.0.0,
m:326835b05889b18b19fc,Banco Santander,2024-03-21,m:326835b05889b18b19fc|mapfre:p:967ae75be7d04f29525e,5B,"SHARE CAPITAL: REDUCTION IN SHARE CAPITAL IN THE MAXIMUM AMOUNT OF EUR 783,428,928.50, THROUGH THE CANCELLATION OF A MAXIMUM OF 1,566,857,857 OWN SHARES. DELEGATION OF POWERS",,,0,UNMATCHED,0.0,0.0,no candidate above floor,UNRESOLVED,g9-matcher-1.0.0,
m:326835b05889b18b19fc,Banco Santander,2024-03-21,m:326835b05889b18b19fc|mapfre:p:97f51807d4765643c150,3A,BOARD OF DIRECTOR: APPOINTMENT AND RE-ELECTION OF DIRECTOR: SETTING OF THE NUMBER OF DIRECTORS,,,0,UNMATCHED,0.0,0.0,no candidate above floor,UNRESOLVED,g9-matcher-1.0.0,
m:326835b05889b18b19fc,Banco Santander,2024-03-21,m:326835b05889b18b19fc|mapfre:p:ed275512c7d8f86bee04,2,APPLICATION OF RESULTS OBTAINED DURING 2023,,,0,UNMATCHED,0.0,0.0,no candidate above floor,UNRESOLVED,g9-matcher-1.0.0,
m:52cf9ae58d5fe9968ef4,CaixaBank,2025-04-10,m:52cf9ae58d5fe9968ef4|mapfre:p:15dc8000cdc492e8c168,2,APPROVAL OF THE PROPOSED ALLOCATION OF PROFIT FOR THE YEAR ENDED ON 31 DECEMBER 2024,,,0,UNMATCHED,0.0,0.0,no candidate above floor,UNRESOLVED,g9-matcher-1.0.0,
m:52cf9ae58d5fe9968ef4,CaixaBank,2025-04-10,m:52cf9ae58d5fe9968ef4|mapfre:p:21e346acc4b70028600d,7,AUTHORISATION AND DELEGATION OF POWERS TO INTERPRET CORRECT SUPPLEMENT IMPLEMENT AND DEVELOP THE RESOLUTIONS ADOPTED BY THE GENERAL MEETING AND DELEGATION OF POWERS TO NOTARISE THOSE RESOLUTION THE REGULATIONS OF THE BOARD OF DIRECTORS-AGREED BY THE BOARD AT ITS MEETING ON 20 FEBRUARY 2025 BOARD OF DIRECTORS FOR THE PURPOSES OF THE-PROVISIONS OF ARTICLE 511 OF ROYAL LEGISLATIVE DECREE 1 2010 OF 2 JULY-APPROVING THE REVISED TEXT OF THE CORPORATE,,,0,UNMATCHED,0.0,0.0,no candidate above floor,UNRESOLVED,g9-matcher-1.0.0,
m:6df84069658bc065212a,Repsol,2025-05-29,m:6df84069658bc065212a|mapfre:p:0cae53fb76da7d7dc4fa,2,"REVIEW AND APPROVAL, IF APPROPRIATE, OF THE PROPOSAL FOR THE ALLOCATION OF RESULTS IN 2024",,,0,UNMATCHED,0.0,0.0,no candidate above floor,UNRESOLVED,g9-matcher-1.0.0,
m:6df84069658bc065212a,Repsol,2025-05-29,m:6df84069658bc065212a|mapfre:p:3850d5eea16eb97ef305,6,"DISTRIBUTION IN JULY 2025 OF THE FIXED AMOUNT OF 0.5 EUROS GROSS PER SHARE CHARGED TO FREE RESERVES. DELEGATION OF POWERS TO THE BOARD OF DIRECTORS OR, BY SUBSTITUTION, TO THE DELEGATE COMMITTEE OR THE CEO, TO ESTABLISH THE TERMS OF DISTRIBUTION FOR THAT WHICH MAY GO UNFORESEEN BY THE ANNUAL GENERAL MEETING, TO CARRY OUT THE ACTS NECESSARY FOR ITS EXECUTION AND TO ISSUE AS MANY PUBLIC AND PRIVATE DOCUMENTS AS MAY BE REQUIRED TO FULFIL THE AGREEMENT",,,0,UNMATCHED,0.0,0.0,no candidate above floor,UNRESOLVED,g9-matcher-1.0.0,
m:6df84069658bc065212a,Repsol,2025-05-29,m:6df84069658bc065212a|mapfre:p:463851cd8deb299f3428,18,"DELEGATION OF POWERS TO INTERPRET, SUPPLEMENT, DEVELOP, EXECUTE, RECTIFY AND FORMALIZE THE RESOLUTIONS ADOPTED BY THE ANNUAL GENERAL MEETING",,,0,UNMATCHED,0.0,0.0,no candidate above floor,UNRESOLVED,g9-matcher-1.0.0,
m:6df84069658bc065212a,Repsol,2025-05-29,m:6df84069658bc065212a|mapfre:p:900104f6e3b5e2ef734a,10,"DELEGATION TO THE BOARD OF DIRECTORS OF THE POWER TO ISSUE FIXED-INCOME SECURITIES, CONVERTIBLE AND/OR EXCHANGEABLE FOR SHARES OF THE COMPANY, AS WELL AS WARRANTS (OPTIONS TO SUBSCRIBE FOR NEW SHARES OR TO ACQUIRE SHARES IN CIRCULATION OF THE COMPANY). SETTING THE CRITERIA FOR DETERMINING THE BASES AND MODALITIES OF CONVERSION AND/OR EXCHANGE AND GRANTING THE BOARD OF DIRECTORS THE POWERS TO INCREASE THE CAPITAL IN THE NECESSARY AMOUNT, AS WELL AS TO EXCLUDE, TOTALLY OR PARTIALLY, THE PRE-EMPTIVE SUBSCRIPTION RIGHTS OF SHAREHOLDERS IN SUCH ISSUES. AUTHORIZATION FOR THE COMPANY TO GUARANTEE ISSUES OF SECURITIES MADE BY ITS SUBSIDIARIES. TO RENDER INEFFECTIVE, TO THE EXTENT NOT USED, RESOLUTION EIGHTH B) OF THE ANNUAL GENERAL MEETING HELD ON MARCH 26, 2021",,,0,UNMATCHED,0.0,0.0,no candidate above floor,UNRESOLVED,g9-matcher-1.0.0,
m:6df84069658bc065212a,Repsol,2025-05-29,m:6df84069658bc065212a|mapfre:p:9d2075e2be75264995a0,5,"APPOINTMENT OF THE ACCOUNTS AUDITOR OF REPSOL, S.A. AND ITS CONSOLIDATED GROUP FOR FISCAL YEAR 2025",,,0,UNMATCHED,0.0,0.0,no candidate above floor,UNRESOLVED,g9-matcher-1.0.0,
m:6df84069658bc065212a,Repsol,2025-05-29,m:6df84069658bc065212a|mapfre:p:ed1e0fd086b10d07ceae,4,"REVIEW AND APPROVAL, IF APPROPRIATE, OF THE MANAGEMENT OF THE BOARD OF DIRECTORS OF REPSOL, S.A. DURING 2024",,,0,UNMATCHED,0.0,0.0,no candidate above floor,UNRESOLVED,g9-matcher-1.0.0,
m:6df84069658bc065212a,Repsol,2025-05-29,m:6df84069658bc065212a|mapfre:p:ff3dade28c60cc38a33c,7,"DISTRIBUTION IN JANUARY 2026 OF THE FIXED AMOUNT OF 0.5 EUROS GROSS PER SHARE CHARGED TO FREE RESERVES. DELEGATION OF POWERS TO THE BOARD OF DIRECTORS OR, BY SUBSTITUTION, TO THE DELEGATE COMMITTEE OR THE CEO, TO SET THE CONDITIONS OF THE DISTRIBUTION IN ALL MATTERS NOT",,,0,UNMATCHED,0.0,0.0,no candidate above floor,UNRESOLVED,g9-matcher-1.0.0,
m:76441253398bc886fc43,Ferrovial,2025-04-24,m:76441253398bc886fc43|mapfre:p:03d093ebdd4b2fcca8ee,5d.,PROPOSAL TO RE-APPOINT MR. JOSE FERNANDO SANCHEZ-JUNCO MANS AS NON-EXECUTIVE DIRECTOR,,,0,UNMATCHED,0.0,0.0,no candidate above floor,UNRESOLVED,g9-matcher-1.0.0,
m:76441253398bc886fc43,Ferrovial,2025-04-24,m:76441253398bc886fc43|mapfre:p:0d0dbe68029db715528c,5b.,PROPOSAL TO RE-APPOINT MR. OSCAR FANJUL MART N AS NON-EXECUTIVE DIRECTOR,,,0,UNMATCHED,0.0,0.0,no candidate above floor,UNRESOLVED,g9-matcher-1.0.0,
m:76441253398bc886fc43,Ferrovial,2025-04-24,m:76441253398bc886fc43|mapfre:p:1251481fc275e8316911,7a.,PROPOSAL TO APPOINT PRICEWATERHOUSECOOPERS ACCOUNTANTS N.V. AS FERROVIALS STATUTORY EXTERNAL AUDITOR FOR THE FINANCIAL YEARS 2025 - 2027,,,0,UNMATCHED,0.0,0.0,no candidate above floor,UNRESOLVED,g9-matcher-1.0.0,
m:76441253398bc886fc43,Ferrovial,2025-04-24,m:76441253398bc886fc43|mapfre:p:4ff2f40095488b71cefa,5f.,PROPOSAL TO RE-APPOINT MS. HILDEGARD MARIA WORTMANN AS NON-EXECUTIVE DIRECTOR,,,0,UNMATCHED,0.0,0.0,no candidate above floor,UNRESOLVED,g9-matcher-1.0.0,
m:76441253398bc886fc43,Ferrovial,2025-04-24,m:76441253398bc886fc43|mapfre:p:562be2d44dc2b5a7ba1f,5e.,PROPOSAL TO RE-APPOINT MR. BRUNO VITO BENITO DI LEO ALLEN AS NON-EXECUTIVE DIRECTOR,,,0,UNMATCHED,0.0,0.0,no candidate above floor,UNRESOLVED,g9-matcher-1.0.0,
m:76441253398bc886fc43,Ferrovial,2025-04-24,m:76441253398bc886fc43|mapfre:p:584e73fcaeadd08f1080,9a.,AUTHORIZATION OF THE BOARD TO LIMIT OR TO EXCLUDE PRE-EMPTIVE RIGHTS FOR ORDINARY SHARES FOR GENERAL PURPOSES,,,0,UNMATCHED,0.0,0.0,no candidate above floor,UNRESOLVED,g9-matcher-1.0.0,
m:76441253398bc886fc43,Ferrovial,2025-04-24,m:76441253398bc886fc43|mapfre:p:5d425459ab0d4102ca4d,10.,AUTHORIZATION OF THE BOARD TO ACQUIRE ORDINARY SHARES,,,0,UNMATCHED,0.0,0.0,no candidate above floor,UNRESOLVED,g9-matcher-1.0.0,
m:76441253398bc886fc43,Ferrovial,2025-04-24,m:76441253398bc886fc43|mapfre:p:8867607b2eca819eb11a,4.,DISCHARGE OF THE DIRECTORS IN RESPECT OF THE PERFORMANCE OF THEIR DUTIES DURING THE FINANCIAL YEAR 2024,,,0,UNMATCHED,0.0,0.0,no candidate above floor,UNRESOLVED,g9-matcher-1.0.0,
m:76441253398bc886fc43,Ferrovial,2025-04-24,m:76441253398bc886fc43|mapfre:p:8ef95e85ab0b3066463b,11.,CANCELLATION OF ORDINARY SHARES,,,0,UNMATCHED,0.0,0.0,no candidate above floor,UNRESOLVED,g9-matcher-1.0.0,
m:76441253398bc886fc43,Ferrovial,2025-04-24,m:76441253398bc886fc43|mapfre:p:99dbc1d85b381a23b1db,8a.,AUTHORIZATION OF THE BOARD TO ISSUE ORDINARY SHARES FOR GENERAL PURPOSES,,,0,UNMATCHED,0.0,0.0,no candidate above floor,UNRESOLVED,g9-matcher-1.0.0,
m:76441253398bc886fc43,Ferrovial,2025-04-24,m:76441253398bc886fc43|mapfre:p:9ce0755ada0bb6b31a78,5g.,PROPOSAL TO RE-APPOINT MS. ALICIA REYES REVUELTA AS NON-EXECUTIVE DIRECTOR,,,0,UNMATCHED,0.0,0.0,no candidate above floor,UNRESOLVED,g9-matcher-1.0.0,
m:76441253398bc886fc43,Ferrovial,2025-04-24,m:76441253398bc886fc43|mapfre:p:a98aaa82279d77d46088,5c.,PROPOSAL TO RE-APPOINT MS. MAR A DEL PINO Y CALVO-SOTELO AS NON- EXECUTIVE DIRECTOR,,,0,UNMATCHED,0.0,0.0,no candidate above floor,UNRESOLVED,g9-matcher-1.0.0,
m:76441253398bc886fc43,Ferrovial,2025-04-24,m:76441253398bc886fc43|mapfre:p:b34879292c2a7da988aa,7b.,PROPOSAL TO APPOINT PRICEWATERHOUSECOOPERS ACCOUNTANTS N.V. AS FERROVIALS ASSURANCE SERVICES PROVIDER TO PERFORM AN ASSURANCE REVIEW AND ISSUE AN ASSURANCE OPINION IN AN ASSURANCE STATEMENT ON FERROVIALS STATUTORY SUSTAINABILITY REPORT FOR THE FINANCIAL YEARS 2025 - 2027,,,0,UNMATCHED,0.0,0.0,no candidate above floor,UNRESOLVED,g9-matcher-1.0.0,
m:76441253398bc886fc43,Ferrovial,2025-04-24,m:76441253398bc886fc43|mapfre:p:bb22a5c5ba88c4da8b98,3.,CLIMATE STRATEGY REPORT FOR THE FINANCIAL YEAR 2024,,,0,UNMATCHED,0.0,0.0,no candidate above floor,UNRESOLVED,g9-matcher-1.0.0,
m:76441253398bc886fc43,Ferrovial,2025-04-24,m:76441253398bc886fc43|mapfre:p:ceb569aa2ba5d0fd36dc,9b.,AUTHORIZATION OF THE BOARD TO LIMIT OR TO EXCLUDE PRE-EMPTIVE RIGHTS FOR ORDINARY SHARES FOR PURPOSES OF SCRIP DIVIDENDS,,,0,UNMATCHED,0.0,0.0,no candidate above floor,UNRESOLVED,g9-matcher-1.0.0,
m:76441253398bc886fc43,Ferrovial,2025-04-24,m:76441253398bc886fc43|mapfre:p:cf2385ceb179b2a0c8c6,8b.,AUTHORIZATION OF THE BOARD TO ISSUE ORDINARY SHARES FOR PURPOSES OF SCRIP DIVIDENDS,,,0,UNMATCHED,0.0,0.0,no candidate above floor,UNRESOLVED,g9-matcher-1.0.0,
m:76441253398bc886fc43,Ferrovial,2025-04-24,m:76441253398bc886fc43|mapfre:p:ee12d9b65e4453dc0e7e,5a.,PROPOSAL TO RE-APPOINT MR. RAFAEL DEL PINO Y CALVO-SOTELO AS EXECUTIVE DIRECTOR,,,0,UNMATCHED,0.0,0.0,no candidate above floor,UNRESOLVED,g9-matcher-1.0.0,
m:76441253398bc886fc43,Ferrovial,2025-04-24,m:76441253398bc886fc43|mapfre:p:f0e169d2988c6653e9f0,2d.,ADOPTION OF THE ANNUAL ACCOUNTS FOR THE FINANCIAL YEAR 2024,,,0,UNMATCHED,0.0,0.0,no candidate above floor,UNRESOLVED,g9-matcher-1.0.0,
m:913ec181b24a095c3168,BBVA,2024-03-14,m:913ec181b24a095c3168|mapfre:p:72a51352f087f95b3214,4,"APPROVAL OF A MAXIMUM LEVEL OF VARIABLE REMUNERATION OF UP TO 200PTC OF THE FIXED COMPONENT OF THE TOTAL REMUNERATION FOR A CERTAIN GROUP OF EMPLOYEES WHOSE PROFESSIONAL ACTIVITIES SIGNIFICANTLY AFFECT THE RISK PROFILE OF BANCO BILBAO VIZCAYA ARGENTARIA, S.A. OR YOUR GROUP",,,0,UNMATCHED,0.0,0.0,no candidate above floor,UNRESOLVED,g9-matcher-1.0.0,
m:913ec181b24a095c3168,BBVA,2024-03-14,m:913ec181b24a095c3168|mapfre:p:e6d97793fda67bebc2b8,5,"DELEGATION OF POWERS TO THE BOARD OF DIRECTORS, WITH THE POWER OF SUBSTITUTION, TO FORMALIZE, CORRECT, INTERPRET AND EXECUTE THE AGREEMENTS ADOPTED BY THE GENERAL MEETING",,,0,UNMATCHED,0.0,0.0,no candidate above floor,UNRESOLVED,g9-matcher-1.0.0,
m:98d367a1f672a73b7b09,BBVA,2024-07-04,m:98d367a1f672a73b7b09|mapfre:p:30430d2464460df40280,1,"INCREASE OF THE SHARE CAPITAL OF BANCO BILBAO VIZCAYA ARGENTARIA, SA UP TO A MAXIMUM NOMINAL AMOUNT",,,0,UNMATCHED,0.0,0.0,no candidate above floor,UNRESOLVED,g9-matcher-1.0.0,
m:98d367a1f672a73b7b09,BBVA,2024-07-04,m:98d367a1f672a73b7b09|mapfre:p:40984d569e7ade1e4b5c,2,"DELEGATION OF POWERS ON THE BOARD OF DIRECTORS, WITH EXPRESS POWERS TO SUB DELEGATE, TO FORMALIZE, RECTIFY, INTERPRET AND EXECUTE THE RESOLUTIONS ADOPTED",,,0,UNMATCHED,0.0,0.0,no candidate above floor,UNRESOLVED,g9-matcher-1.0.0,
m:b0868aef32d0740eed69,Iberdrola,2025-05-30,m:b0868aef32d0740eed69|mapfre:p:07a26ce69321143cf32c,7,ENGAGEMENT DIVIDEND: APPROVAL AND PAYMENT,,,0,UNMATCHED,0.0,0.0,no candidate above floor,UNRESOLVED,g9-matcher-1.0.0,
m:b0868aef32d0740eed69,Iberdrola,2025-05-30,m:b0868aef32d0740eed69|mapfre:p:1d27f08d3dbef81bf393,14,RE-ELECTION OF MR JUAN MANUEL GONZALEZ SERNA AS AN INDEPENDENT DIRECTOR,,,0,UNMATCHED,0.0,0.0,no candidate above floor,UNRESOLVED,g9-matcher-1.0.0,
m:b0868aef32d0740eed69,Iberdrola,2025-05-30,m:b0868aef32d0740eed69|mapfre:p:2bd965eab76a3fa8289e,8,"ALLOCATION OF PROFITS AND DIVIDEND FOR 2024: APPROVAL AND SUPPLEMENTARY PAYMENT, WHICH WILL BE MADE WITHIN THE FRAMEWORK OF THE IBERDROLA RETRIBUCION FLEXIBLE OPTIONAL DIVIDEND SYSTEM",,,0,UNMATCHED,0.0,0.0,no candidate above floor,UNRESOLVED,g9-matcher-1.0.0,
m:b0868aef32d0740eed69,Iberdrola,2025-05-30,m:b0868aef32d0740eed69|mapfre:p:2f437e09bb49cfa195e5,4,"CORPORATE MANAGEMENT AND ACTIVITIES OF THE BOARD OF DIRECTORS IN 2024 CORPORATE ORGANISATION AND GOVERNANCE: AMENDMENT OF ARTICLES 7, 9 AND 33 TECHNICAL IMPROVEMENTS AND UPDATE: AMENDMENT OF PREAMBLE AND ARTICLES 5, 6, 20, 25, 27, 34 AND 63 FOR THE GENERAL SHAREHOLDERS MEETING: INCLUSION OF A PREAMBLE FOR THE GENERAL SHAREHOLDERS MEETING: SHAREHOLDER ENGAGEMENT: INCLUSION OF A TITLE I WITH ARTICLES 1 TO 6 FOR THE GENERAL SHAREHOLDERS MEETING: INFORMATION PROVIDED TO SHAREHOLDERS: INCLUSION IN TITLE II OF A CHAPTER I WITH ARTICLES 7 TO 9, A CHAPTER II WITH ARTICLES 10 TO 16 AND A CHAPTER III WITH ARTICLES 17 AND 18 FOR THE GENERAL SHAREHOLDERS MEETING: CLASSES, VOTING TYPES AND POWERS OF THE SHAREHOLDERS ACTING AT A GENERAL MEETING: INCLUSION OF A TITLE III WITH ARTICLES 19 TO 21 FOR THE GENERAL SHAREHOLDERS MEETING: CALL TO MEETING, PARTICIPATION, ATTENDANCE AND PROXY REPRESENTATION: INCLUSION OF A TITLE IV WITH ARTICLES 22 AND 23 AND A TITLE V WITH ARTICLES 24 TO 28 FOR THE GENERAL SHAREHOLDERS MEETING: ORGANISATION, IMPLEMENTATION, AND ADOPTION OF RESOLUTIONS: INCLUSION OF A TITLE VI WITH ARTICLES 29 TO 34, A TITLE VII WITH ARTICLES 35 TO 41, A TITLE VIII WITH ARTICLES 42 TO 44, A TITLE IX WITH ARTICLES 45 AND 46 AND A TITLE X WITH ARTICLES 47 AND 48 FOR THE GENERAL SHAREHOLDERS MEETING: FORMS OF HOLDING THE MEETING AND SPECIAL RULES THEREOF: INCLUSION OF A TITLE XI WITH ARTICLES 49 TO 61 FOR THE GENERAL SHAREHOLDERS MEETING: SCOPE OF APPLICATION AND OTHER GENERAL PROVISIONS OF THE REGULATION INCLUSION OF A TITLE XII WITH ARTICLES 62 TO 65",,,0,UNMATCHED,0.0,0.0,no candidate above floor,UNRESOLVED,g9-matcher-1.0.0,
m:b0868aef32d0740eed69,Iberdrola,2025-05-30,m:b0868aef32d0740eed69|mapfre:p:3ee4ac298a8fa03dba36,15,RATIFICATION AND RE-ELECTION OF MS ANA COLONQUES GARCIA-PLANAS AS AN INDEPENDENT DIRECTOR,,,0,UNMATCHED,0.0,0.0,no candidate above floor,UNRESOLVED,g9-matcher-1.0.0,
m:b0868aef32d0740eed69,Iberdrola,2025-05-30,m:b0868aef32d0740eed69|mapfre:p:550fba25bc069885c17e,11,"REDUCTION IN CAPITAL BY MEANS OF THE RETIREMENT OF A MAXIMUM OF 200,561,000 OWN SHARES (3.114% OF THE CAPITAL)",,,0,UNMATCHED,0.0,0.0,no candidate above floor,UNRESOLVED,g9-matcher-1.0.0,
m:b0868aef32d0740eed69,Iberdrola,2025-05-30,m:b0868aef32d0740eed69|mapfre:p:5fcd4a64c24851a4e749,2,DIRECTORS REPORTS 2024,,,0,UNMATCHED,0.0,0.0,no candidate above floor,UNRESOLVED,g9-matcher-1.0.0,
m:b0868aef32d0740eed69,Iberdrola,2025-05-30,m:b0868aef32d0740eed69|mapfre:p:64fda88c3e08d37639e4,1,ANNUAL FINANCIAL STATEMENTS 2024,,,0,UNMATCHED,0.0,0.0,no candidate above floor,UNRESOLVED,g9-matcher-1.0.0,
m:b0868aef32d0740eed69,Iberdrola,2025-05-30,m:b0868aef32d0740eed69|mapfre:p:7bdf3b4caa638c690b80,9,"FIRST INCREASE IN CAPITAL BY MEANS OF A SCRIP ISSUE AT A MAXIMUM REFERENCE MARKET VALUE OF 2,950 MILLION IN ORDER TO IMPLEMENT THE IBERDROLA RETRIBUCION FLEXIBLE OPTIONAL DIVIDEND SYSTEM",,,0,UNMATCHED,0.0,0.0,no candidate above floor,UNRESOLVED,g9-matcher-1.0.0,
m:b0868aef32d0740eed69,Iberdrola,2025-05-30,m:b0868aef32d0740eed69|mapfre:p:8884355bd58696a48d5a,10,"SECOND INCREASE IN CAPITAL BY MEANS OF A SCRIP ISSUE AT A MAXIMUM REFERENCE MARKET VALUE OF 2,000 MILLION IN ORDER TO IMPLEMENT THE IBERDROLA RETRIBUCION FLEXIBLE OPTIONAL DIVIDEND SYSTEM",,,0,UNMATCHED,0.0,0.0,no candidate above floor,UNRESOLVED,g9-matcher-1.0.0,
m:b0868aef32d0740eed69,Iberdrola,2025-05-30,m:b0868aef32d0740eed69|mapfre:p:a377b6b8fd53ee647ece,3,STATEMENT OF NON-FINANCIAL INFORMATION 2024,,,0,UNMATCHED,0.0,0.0,no candidate above floor,UNRESOLVED,g9-matcher-1.0.0,
m:b0868aef32d0740eed69,Iberdrola,2025-05-30,m:b0868aef32d0740eed69|mapfre:p:c06b09fbf3e5c4756eb0,16,SETTING OF THE NUMBER OF MEMBERS OF THE BOARD OF DIRECTORS AT FOURTEEN,,,0,UNMATCHED,0.0,0.0,no candidate above floor,UNRESOLVED,g9-matcher-1.0.0,
m:b0868aef32d0740eed69,Iberdrola,2025-05-30,m:b0868aef32d0740eed69|mapfre:p:d5537c644657a0c415f3,18,DELEGATION OF POWERS TO FORMALISE AND TO CONVERT THE RESOLUTIONS ADOPTED INTO A PUBLIC INSTRUMENT,,,0,UNMATCHED,0.0,0.0,no candidate above floor,UNRESOLVED,g9-matcher-1.0.0,
m:b0868aef32d0740eed69,Iberdrola,2025-05-30,m:b0868aef32d0740eed69|mapfre:p:d5d4f8ae4d0ed44043fd,17,"AUTHORISATION TO ISSUE SIMPLE DEBENTURES OR BONDS AND OTHER FIXED-INCOME SECURITIES, NOT EXCHANGEABLE FOR OR CONVERTIBLE INTO SHARES, WITH A LIMIT OF 8,000 MILLION FOR COMMERCIAL PAPER AND 40,000 MILLION FOR OTHER FIXEDINCOME SECURITIES, AS WELL AS TO GUARANTEE ISSUES OF SUBSIDIARIES",,,0,UNMATCHED,0.0,0.0,no candidate above floor,UNRESOLVED,g9-matcher-1.0.0,
m:b0868aef32d0740eed69,Iberdrola,2025-05-30,m:b0868aef32d0740eed69|mapfre:p:f7e6615edf695c043743,13,RE-ELECTION OF MR ANGEL JESUS ACEBES PANIAGUA AS AN INDEPENDENT DIRECTOR,,,0,UNMATCHED,0.0,0.0,no candidate above floor,UNRESOLVED,g9-matcher-1.0.0,
m:b662a13b1cfd0e6951c6,Ferrovial,2024-04-11,m:b662a13b1cfd0e6951c6|mapfre:p:28505cb455a94f753304,8,AUTHORISATION OF THE BOARD TO ACQUIRE ORDINARY SHARES,,,0,UNMATCHED,0.0,0.0,no candidate above floor,UNRESOLVED,g9-matcher-1.0.0,
m:b662a13b1cfd0e6951c6,Ferrovial,2024-04-11,m:b662a13b1cfd0e6951c6|mapfre:p:28c8abc0437c7c4f5d59,6a,AUTHORISATION OF THE BOARD TO ISSUE ORDINARY SHARES FOR GENERAL PURPOSES,,,0,UNMATCHED,0.0,0.0,no candidate above floor,UNRESOLVED,g9-matcher-1.0.0,
m:b662a13b1cfd0e6951c6,Ferrovial,2024-04-11,m:b662a13b1cfd0e6951c6|mapfre:p:59bd87879bfff00a758f,2e,ADOPTION OF THE ANNUAL ACCOUNTS FOR THE FINANCIAL YEAR 2023,,,0,UNMATCHED,0.0,0.0,no candidate above floor,UNRESOLVED,g9-matcher-1.0.0,
m:b662a13b1cfd0e6951c6,Ferrovial,2024-04-11,m:b662a13b1cfd0e6951c6|mapfre:p:f853a3a382843e97d508,7a,AUTHORISATION OF THE BOARD TO LIMIT OR TO EXCLUDE PRE-EMPTIVE RIGHTS FOR ORDINARY SHARES FOR GENERAL PURPOSES,,,0,UNMATCHED,0.0,0.0,no candidate above floor,UNRESOLVED,g9-matcher-1.0.0,
m:be15152f4fefd9fd3553,Acciona,2025-06-25,m:be15152f4fefd9fd3553|mapfre:p:2ac8f23d7413d91bb54e,5,"AUTHORISATION TO CONVENE, WHERE APPROPRIATE, EXTRAORDINARY GENERAL MEETINGS OF ACCIONA, S.A. WITHIN A MINIMUM NOTICE OF FIFTEEN DAYS, IN ACCORDANCE WITH ARTICLE 515 OF THE CORPORATE ENTERPRISES ACT",,,0,UNMATCHED,0.0,0.0,no candidate above floor,UNRESOLVED,g9-matcher-1.0.0,
m:be15152f4fefd9fd3553,Acciona,2025-06-25,m:be15152f4fefd9fd3553|mapfre:p:b5d0d37cf7487f2fc433,6,"DELEGATION OF POWERS TO THE BOARD OF DIRECTORS FOR THE IMPLEMENTATION, INTERPRETATION, AMENDMENT AND EXECUTION OF THE RESOLUTIONS AGREED BY THE GENERAL MEETING, AND TO REPLACE THE POWERS IT RECEIVES FROM THE GENERAL MEETING; AND THEIR CONVERSION INTO A PUBLIC INSTRUMENT, INTERPRETATION, AMENDMENT, SUPPLEMENTATION, IMPLEMENTATION AND REGISTRATION",,,0,UNMATCHED,0.0,0.0,no candidate above floor,UNRESOLVED,g9-matcher-1.0.0,
m:c0a280403d1526c67f09,Merlin Properties,2024-05-08,m:c0a280403d1526c67f09|mapfre:p:03bc37759a62469c63a5,7,"AUTHORIZATION TO SHORTEN THE PERIOD FOR CALLING SPECIAL SHAREHOLDERS' MEETINGS, PURSUANT TO THE PROVISIONS OF ARTICLE 515 OF THE REVISED CAPITAL COMPANIES LAW",,,0,UNMATCHED,0.0,0.0,no candidate above floor,UNRESOLVED,g9-matcher-1.0.0,
m:c0a280403d1526c67f09,Merlin Properties,2024-05-08,m:c0a280403d1526c67f09|mapfre:p:e05a9ff22627e1f1b8b6,8,"AUTHORIZATION TO THE BOARD OF DIRECTORS TO INTERPRET, RECTIFY, SUPPLEMENT, IMPLEMENT AND CARRY OUT THE RESOLUTIONS ADOPTED BY THE SHAREHOLDERS' MEETING, AS WELL AS TO DELEGATE THE POWERS IT RECEIVES FROM THE SHAREHOLDERS' MEETING, AND TO DELEGATE POWERS TO HAVE SUCH RESOLUTIONS NOTARIZED",,,0,UNMATCHED,0.0,0.0,no candidate above floor,UNRESOLVED,g9-matcher-1.0.0,
m:c7997b16124fd21d12f1,NL0000235190,2024-04-10,m:c7997b16124fd21d12f1|mapfre:p:0b53eaf0e90096732f17,2,APPROVAL OF THE RESULT ALLOCATION AND DISTRIBUTION OF A REGULAR DIVIDEND FOR THE FINANCIAL YEAR 2023,,,0,UNMATCHED,0.0,0.0,no candidate above floor,UNRESOLVED,g9-matcher-1.0.0,
m:c7997b16124fd21d12f1,NL0000235190,2024-04-10,m:c7997b16124fd21d12f1|mapfre:p:270208200c2c56cb1aec,9,REAPPOINTMENT OF MR REN OBERMANN AS NON-EXECUTIVE MEMBER OF THE BOARD OF DIRECTORS FOR A TERM OF THREE YEARS,,,0,UNMATCHED,0.0,0.0,no candidate above floor,UNRESOLVED,g9-matcher-1.0.0,
m:c7997b16124fd21d12f1,NL0000235190,2024-04-10,m:c7997b16124fd21d12f1|mapfre:p:95d8effe630ac078e155,5,RELEASE FROM LIABILITY OF THE EXECUTIVE MEMBER OF THE BOARD OF DIRECTORS,,,0,UNMATCHED,0.0,0.0,no candidate above floor,UNRESOLVED,g9-matcher-1.0.0,
m:c7997b16124fd21d12f1,NL0000235190,2024-04-10,m:c7997b16124fd21d12f1|mapfre:p:962a8eb18abe1dfb0734,1,ADOPTION OF THE AUDITED ACCOUNTS FOR THE FINANCIAL YEAR 2023,,,0,UNMATCHED,0.0,0.0,no candidate above floor,UNRESOLVED,g9-matcher-1.0.0,
m:c7997b16124fd21d12f1,NL0000235190,2024-04-10,m:c7997b16124fd21d12f1|mapfre:p:a2b51d60d0a990435634,4,RELEASE FROM LIABILITY OF THE NON- EXECUTIVE MEMBERS OF THE BOARD OF DIRECTORS,,,0,UNMATCHED,0.0,0.0,no candidate above floor,UNRESOLVED,g9-matcher-1.0.0,
m:c7997b16124fd21d12f1,NL0000235190,2024-04-10,m:c7997b16124fd21d12f1|mapfre:p:b49c64ee51b66c0fa272,8,ADOPTION OF THE BOARD OF DIRECTORS REMUNERATION POLICY,,,0,UNMATCHED,0.0,0.0,no candidate above floor,UNRESOLVED,g9-matcher-1.0.0,
m:d47e838caf01c4eb6349,Amadeus,2024-06-05,m:d47e838caf01c4eb6349|mapfre:p:3226a78a3233950f2890,7,APPROVAL OF THE REMUNERATION OF THE MEMBERS OF THE BOARD OF DIRECTORS FOR THE FINANCIAL YEAR 2024,,,0,UNMATCHED,0.0,0.0,no candidate above floor,UNRESOLVED,g9-matcher-1.0.0,
m:d47e838caf01c4eb6349,Amadeus,2024-06-05,m:d47e838caf01c4eb6349|mapfre:p:7a1761c7d0032b2a5d43,10,DELEGATION OF POWERS TO THE BOARD FOR THE FORMALIZATION REMEDY AND IMPLEMENTATION OF THE RESOLUTIONS OF THE AGM,,,0,UNMATCHED,0.0,0.0,no candidate above floor,UNRESOLVED,g9-matcher-1.0.0,
m:d47e838caf01c4eb6349,Amadeus,2024-06-05,m:d47e838caf01c4eb6349|mapfre:p:f0b3e4acb94f03b056ab,4,APPROVAL OF THE PROPOSAL ON THE APPROPRIATION OF 2023 RESULTS AND OTHER COMPANY RESERVES,,,0,UNMATCHED,0.0,0.0,no candidate above floor,UNRESOLVED,g9-matcher-1.0.0,
m:d47e838caf01c4eb6349,Amadeus,2024-06-05,m:d47e838caf01c4eb6349|mapfre:p:f9aa6bfce7b8d4bc72ee,1,EXAMINATION AND APPROVAL OF THE ANNUAL ACCOUNTS AND DIRECTORS REPORT RELATED TO THE FINANCIAL YEAR 2023,,,0,UNMATCHED,0.0,0.0,no candidate above floor,UNRESOLVED,g9-matcher-1.0.0,
m:d6f3b32ceaf74e0e43f6,CaixaBank,2024-03-21,m:d6f3b32ceaf74e0e43f6|mapfre:p:6d69996ff6a92cfddd39,2,APPROVAL OF THE PROPOSAL FOR THE APPLICATION OF THE RESULT FOR THE SOCIAL YEAR CLOSED ON 31 DECEMBER 2023,,,0,UNMATCHED,0.0,0.0,no candidate above floor,UNRESOLVED,g9-matcher-1.0.0,
m:d6f3b32ceaf74e0e43f6,CaixaBank,2024-03-21,m:d6f3b32ceaf74e0e43f6|mapfre:p:75a0236e135b7429cdf4,7,"AUTHORIZATION AND DELEGATION OF AUTHORITY FOR THE INTERPRETATION, CORRECTION, SUPPLEMENTATION, EXECUTION AND DEVELOPMENT OF THE AGREEMENTS ADOPTED BY THE BOARD, AND DELEGATION OF AUTHORITY FOR THE ELEVATION TO PUBLIC INSTRUMENT AND REGISTRATION OF SUCH AGREEMENTS AND FOR THEIR RECTIFICATION, WHERE APPLICABLE ON THE MODIFICATION OF THE REGULATION OF THE-BOARD OF DIRECTORS AGREED BY THE BOARD OF DIRECTORS IN SESSION OF 31 MARCH-2023 COMMUNICATION OF THE REPORT OF THE BOARD OF DIRECTORS FOR-THE PURPOSE OF THE PROVISIONS OF ARTICLE 511 OF ROYAL LEGISLATIVE DECREE-1/2010, OF 2 JULY, APPROVING THE CONSOLIDATED TEXT OF THE CAPITAL COMPANIES-LAW",,,0,UNMATCHED,0.0,0.0,no candidate above floor,UNRESOLVED,g9-matcher-1.0.0,
m:df462fa33047ecf8ac5e,NL0000235190,2025-04-15,m:df462fa33047ecf8ac5e|mapfre:p:22ac97a5cbc8ebd7479a,11,REAPPOINTMENT OF THE APPOINTMENT OF MS CATHERINE GUILLOUARD AS NON-EXECUTIVE MEMBER OF THE BOARD OF DIRECTORS FOR A TERM OF THREE YEARS,,,0,UNMATCHED,0.0,0.0,no candidate above floor,UNRESOLVED,g9-matcher-1.0.0,
m:df462fa33047ecf8ac5e,NL0000235190,2025-04-15,m:df462fa33047ecf8ac5e|mapfre:p:46f19dfd956ae2da1426,7,APPOINTMENT OF KPMG ACCOUNTANTS N.V. AS AUDITOR FOR THE FINANCIAL YEAR 2026,,,0,UNMATCHED,0.0,0.0,no candidate above floor,UNRESOLVED,g9-matcher-1.0.0,
m:df462fa33047ecf8ac5e,NL0000235190,2025-04-15,m:df462fa33047ecf8ac5e|mapfre:p:49098759ab5b2cf9c92e,17,CANCELLATION OF SHARES REPURCHASED BY THE COMPANY,,,0,UNMATCHED,0.0,0.0,no candidate above floor,UNRESOLVED,g9-matcher-1.0.0,
m:df462fa33047ecf8ac5e,NL0000235190,2025-04-15,m:df462fa33047ecf8ac5e|mapfre:p:5b3e9460d443674d7f58,9,ADOPTION OF THE BOARD OF DIRECTORS' REMUNERATION POLICY,,,0,UNMATCHED,0.0,0.0,no candidate above floor,UNRESOLVED,g9-matcher-1.0.0,
m:df462fa33047ecf8ac5e,NL0000235190,2025-04-15,m:df462fa33047ecf8ac5e|mapfre:p:5ebfcda3e804a611c4da,1,ADOPTION OF THE AUDITED ACCOUNTS FOR THE FINANCIAL YEAR 2024,,,0,UNMATCHED,0.0,0.0,no candidate above floor,UNRESOLVED,g9-matcher-1.0.0,
m:df462fa33047ecf8ac5e,NL0000235190,2025-04-15,m:df462fa33047ecf8ac5e|mapfre:p:699ab0b65e7863445133,2,APPROVAL OF THE RESULT ALLOCATION AND DISTRIBUTION OF A DIVIDEND FOR THE FINANCIAL YEAR 2024,,,0,UNMATCHED,0.0,0.0,no candidate above floor,UNRESOLVED,g9-matcher-1.0.0,
m:df462fa33047ecf8ac5e,NL0000235190,2025-04-15,m:df462fa33047ecf8ac5e|mapfre:p:6c74556788ce1523b4b2,16,RENEWAL OF THE AUTHORISATION FOR THE BOARD OF DIRECTORS TO REPURCHASE UP TO 10% OF THE COMPANY'S ISSUED SHARE CAPITAL,,,0,UNMATCHED,0.0,0.0,no candidate above floor,UNRESOLVED,g9-matcher-1.0.0,
m:df462fa33047ecf8ac5e,NL0000235190,2025-04-15,m:df462fa33047ecf8ac5e|mapfre:p:875e65be12ce0fd7aa4f,4,RELEASE FROM LIABILITY OF THE NON- EXECUTIVE MEMBERS OF THE BOARD OF DIRECTORS,,,0,UNMATCHED,0.0,0.0,no candidate above floor,UNRESOLVED,g9-matcher-1.0.0,
m:df462fa33047ecf8ac5e,NL0000235190,2025-04-15,m:df462fa33047ecf8ac5e|mapfre:p:c50e4b280bbb29d7c73c,10,REAPPOINTMENT OF THE APPOINTMENT OF MR GUILLAUME FAURY AS EXECUTIVE MEMBER OF THE BOARD OF DIRECTORS FOR A TERM OF THREE YEARS,,,0,UNMATCHED,0.0,0.0,no candidate above floor,UNRESOLVED,g9-matcher-1.0.0,
m:df462fa33047ecf8ac5e,NL0000235190,2025-04-15,m:df462fa33047ecf8ac5e|mapfre:p:c8dadf0c02803953f9d3,5,RELEASE FROM LIABILITY OF THE EXECUTIVE MEMBER OF THE BOARD OF DIRECTORS,,,0,UNMATCHED,0.0,0.0,no candidate above floor,UNRESOLVED,g9-matcher-1.0.0,
m:df462fa33047ecf8ac5e,NL0000235190,2025-04-15,m:df462fa33047ecf8ac5e|mapfre:p:d5eadfc9326b62653a41,14,"DELEGATION TO THE BOARD OF DIRECTORS OF POWERS TO ISSUE SHARES, TO GRANT RIGHTS TO SUBSCRIBE FOR SHARES AND TO LIMIT OR EXCLUDE PREFERENTIAL SUBSCRIPTION RIGHTS OF EXISTING SHAREHOLDERS FOR THE PURPOSE OF EMPLOYEE SHARE OWNERSHIP PLANS AND SHARE-RELATED LONG- TERM INCENTIVE PLANS",,,0,UNMATCHED,0.0,0.0,no candidate above floor,UNRESOLVED,g9-matcher-1.0.0,
m:df462fa33047ecf8ac5e,NL0000235190,2025-04-15,m:df462fa33047ecf8ac5e|mapfre:p:d60172a15e33eab3502a,15,"DELEGATION TO THE BOARD OF DIRECTORS OF POWERS TO ISSUE SHARES, TO GRANT RIGHTS TO SUBSCRIBE FOR SHARES AND TO LIMIT OR EXCLUDE PREFERENTIAL SUBSCRIPTION RIGHTS OF EXISTING SHAREHOLDERS FOR THE PURPOSE OF FUNDING (OR ANY OTHER CORPORATE PURPOSE) THE COMPANY AND ITS GROUP COMPANIES",,,0,UNMATCHED,0.0,0.0,no candidate above floor,UNRESOLVED,g9-matcher-1.0.0,
m:df462fa33047ecf8ac5e,NL0000235190,2025-04-15,m:df462fa33047ecf8ac5e|mapfre:p:dbf8ce75a262b7ef826e,3,APPROVAL OF AN EXTRAORDINARY DIVIDEND FOR THE FINANCIAL YEAR 2024,,,0,UNMATCHED,0.0,0.0,no candidate above floor,UNRESOLVED,g9-matcher-1.0.0,
m:df462fa33047ecf8ac5e,NL0000235190,2025-04-15,m:df462fa33047ecf8ac5e|mapfre:p:dc3cb897fc8d0825de32,6,REAPPOINTMENT OF THE APPOINTMENT OF EY ACCOUNTANTS B.V. AS AUDITOR FOR THE FINANCIAL YEAR 2025,,,0,UNMATCHED,0.0,0.0,no candidate above floor,UNRESOLVED,g9-matcher-1.0.0,
m:df462fa33047ecf8ac5e,NL0000235190,2025-04-15,m:df462fa33047ecf8ac5e|mapfre:p:e6b702c0c6d908fe8571,13,"APPOINTMENT OF DR DORIS HPKE AS NON-EXECUTIVE MEMBER OF THE BOARD OF DIRECTORS, FOR A TERM OF THREE YEARS, IN REPLACEMENT OF MS CLAUDIA NEMAT WHOSE MANDATE EXPIRES AS OF THE CLOSE OF THIS AGM",,,0,UNMATCHED,0.0,0.0,no candidate above floor,UNRESOLVED,g9-matcher-1.0.0,
m:df462fa33047ecf8ac5e,NL0000235190,2025-04-15,m:df462fa33047ecf8ac5e|mapfre:p:ef26e75b77a736f42117,12,REAPPOINTMENT OF THE APPOINTMENT OF MS IRENE RUMMELHOFF AS NON-EXECUTIVE MEMBER OF THE BOARD OF DIRECTORS FOR A TERM OF THREE YEARS,,,0,UNMATCHED,0.0,0.0,no candidate above floor,UNRESOLVED,g9-matcher-1.0.0,
m:df8a619a7ae99f09fcd4,Redeia,2024-06-03,m:df8a619a7ae99f09fcd4|mapfre:p:2246bd95b1efb9795e7f,7,"TO AUTHORISE THE BOARD OF DIRECTORS TO INCREASE THE SHARE CAPITAL IN ONE OR MORE ISSUES AT ANY TIME DURING A TERM OF FIVE (5) YEARS UP TO A MAXIMUM AMOUNT OF ONE HUNDRED AND THIRTY-FIVE MILLION, TWO HUNDRED AND SEVENTY THOUSAND EUROS (EUR 135,270,000)",,,0,UNMATCHED,0.0,0.0,no candidate above floor,UNRESOLVED,g9-matcher-1.0.0,
m:df8a619a7ae99f09fcd4,Redeia,2024-06-03,m:df8a619a7ae99f09fcd4|mapfre:p:8e6333558f2212cbcd15,1,APPROVE STANDALONE FINANCIAL STATEMENTS,,,0,UNMATCHED,0.0,0.0,no candidate above floor,UNRESOLVED,g9-matcher-1.0.0,
m:f858545b10cf89c546d6,Inditex,2023-07-11,m:f858545b10cf89c546d6|mapfre:p:1fb17083ecc6d04b41c6,10,GRANTING OF POWERS FOR THE EXECUTION OF THE AGREEMENTS,,,0,UNMATCHED,0.0,0.0,no candidate above floor,UNRESOLVED,g9-matcher-1.0.0,
m:f858545b10cf89c546d6,Inditex,2023-07-11,m:f858545b10cf89c546d6|mapfre:p:20b0598f4c577c79ef06,2,"APPROVAL OF THE ANNUAL ACCOUNTS AND MANAGEMENT REPORT OF THE CONSOLIDATED GROUP (INDITEX GROUP) CORRESPONDING TO THE 2022 FINANCIAL YEAR, ENDING ON 31 JANUARY 2023",,,0,UNMATCHED,0.0,0.0,no candidate above floor,UNRESOLVED,g9-matcher-1.0.0,
m:f858545b10cf89c546d6,Inditex,2023-07-11,m:f858545b10cf89c546d6|mapfre:p:39c21af5eab4499774e1,8,"AUTHORIZATION TO THE BOARD OF DIRECTORS FOR THE DERIVATIVE ACQUISITION OF TREASURY SHARES, NULLIFYING THE AUTHORIZATION APPROVED BY THE 2019 GENERAL SHAREHOLDERS MEETING",,,0,UNMATCHED,0.0,0.0,no candidate above floor,UNRESOLVED,g9-matcher-1.0.0,
m:f9629b16ea2879db1cd0,ES0121975009,2024-06-15,m:f9629b16ea2879db1cd0|mapfre:p:01f5fbf1c9f6f7839b70,1,"APPROVAL OF THE ANNUAL ACCOUNTS AND REPORT ON THE MANAGEMENT OF AUXILIARY OF FERROCARRILES, S.A. AND OF THE ANNUAL ACCOUNTS AND REPORT OF MANAGEMENT OF ITS GROUP CONSOLIDATED COMPANIES FOR THE YEAR 2023",,,0,UNMATCHED,0.0,0.0,no candidate above floor,UNRESOLVED,g9-matcher-1.0.0,
m:f9629b16ea2879db1cd0,ES0121975009,2024-06-15,m:f9629b16ea2879db1cd0|mapfre:p:3d6099e1c9c6968041fe,4,"APPROVAL OF THE PROPOSED DISTRIBUTION OF PROFIT FOR 2023, WITH A GROSS DIVIDEND DISTRIBUTION OF 1.11 EUROS PER SHARE",,,0,UNMATCHED,0.0,0.0,no candidate above floor,UNRESOLVED,g9-matcher-1.0.0,
m:f9629b16ea2879db1cd0,ES0121975009,2024-06-15,m:f9629b16ea2879db1cd0|mapfre:p:4a8ad6d2c16eabc228c4,2,"APPROVAL OF THE BOARD OF DIRECTORS MANAGEMENT DURING THE FISCAL YEAR ENDING DECEMBER 31, 2023",,,0,UNMATCHED,0.0,0.0,no candidate above floor,UNRESOLVED,g9-matcher-1.0.0,
m:f9629b16ea2879db1cd0,ES0121975009,2024-06-15,m:f9629b16ea2879db1cd0|mapfre:p:81efc2535261f6a95906,7,AMENDMENT OF ARTICLE 39 OF THE ARTICLES OF ASSOCIATION,,,0,UNMATCHED,0.0,0.0,no candidate above floor,UNRESOLVED,g9-matcher-1.0.0,
m:f9629b16ea2879db1cd0,ES0121975009,2024-06-15,m:f9629b16ea2879db1cd0|mapfre:p:9ccafe5f9fa945b10f4f,10,DELEGATION OF POWERS TO THE BOARD OF DIRECTORS FOR THE FORMALIZATION AND EXECUTION OF THE RESOLUTIONS,,,0,UNMATCHED,0.0,0.0,no candidate above floor,UNRESOLVED,g9-matcher-1.0.0,
m:fac244bd069cb221913f,Inditex,2024-07-09,m:fac244bd069cb221913f|mapfre:p:074ac9cab4e0b5e23fad,9,AUTHORIZATION TO REDUCE THE NOTICE PERIOD FOR CALLING EXTRAORDINARY GENERAL MEETINGS,,,0,UNMATCHED,0.0,0.0,no candidate above floor,UNRESOLVED,g9-matcher-1.0.0,
m:fac244bd069cb221913f,Inditex,2024-07-09,m:fac244bd069cb221913f|mapfre:p:432fb30cc2d1769f533e,6,"AMENDMENT TO THE REGULATIONS OF THE GENERAL MEETING OF SHAREHOLDERS: AMENDMENT TO SECTIONS 6 (POWERS OF THE GENERAL MEETING OF SHAREHOLDERS), 8 (NOTICE AND AGENDA), 9 (CORPORATE WEBSITE), 12 (PROXY REPRESENTATION AT THE GENERAL MEETING OF SHAREHOLDERS), 13 (PROXY SOLICITATION), 16 (HOLDING THE GENERAL MEETING OF SHAREHOLDERS), 17 (PANEL OF THE GENERAL MEETING OF SHAREHOLDERS), 18 (PROCEEDINGS OF THE GENERAL MEETING OF SHAREHOLDERS), 21 (USE OF THE FLOOR BY SHAREHOLDERS), 23 (VOTING ON PROPOSED RESOLUTIONS), 24 (ABSENTEE VOTING. POWERS TO CONDUCT PROXIES AND CAST ABSENTEE VOTE) AND 25 (PASSING OF RESOLUTIONS AND PUBLICITY OF THE RESULTS) MARCOTE AS PROPRIETARY DIRECTOR GARCIA AS INDEPENDENT DIRECTOR PATRICIA KINGSMILL AS INDEPENDENT DIRECTOR",,,0,UNMATCHED,0.0,0.0,no candidate above floor,UNRESOLVED,g9-matcher-1.0.0,
m:fac244bd069cb221913f,Inditex,2024-07-09,m:fac244bd069cb221913f|mapfre:p:7411f4ec2b91ae0f7fb2,10,GRANTING OF POWERS TO IMPLEMENT RESOLUTIONS,,,0,UNMATCHED,0.0,0.0,no candidate above floor,UNRESOLVED,g9-matcher-1.0.0,
m:fac244bd069cb221913f,Inditex,2024-07-09,m:fac244bd069cb221913f|mapfre:p:7fa6d9de49a7f937f1d1,3,APPROVAL OF THE STATEMENT ON NON-FINANCIAL INFORMATION FOR THE YEAR ENDED 31 JANUARY 2024,,,0,UNMATCHED,0.0,0.0,no candidate above floor,UNRESOLVED,g9-matcher-1.0.0,
m:fac244bd069cb221913f,Inditex,2024-07-09,m:fac244bd069cb221913f|mapfre:p:7fe38255e871b0bc0e90,4,"DISTRIBUTION OF 2023 FINANCIAL YEAR'S INCOME OR LOSS AND DIVIDEND DISTRIBUTION (""TRANSFER OF SHARES"") IN CHAPTER II UNIVERSAL GENERAL MEETINGS""), ARTICLE 15 BIS (""HYBRID MEETING AND VIRTUAL ONLY MEETING""), ARTICLE 17 (""REPRESENTATION AT THE GENERAL MEETING OF SHAREHOLDERS""), ARTICLE 18 (""QUORUM""), ARTICLE 19 (""PANEL OF THE GENERAL MEETING OF SHAREHOLDERS DELIBERATIONS"") OF DIRECTORS. APPOINTMENT OF OFFICERS""), ARTICLE 24 (""APPOINTMENT OF DIRECTORS AND TERM OF OFFICE""), ARTICLE 25 (""CALLING BOARD MEETINGS QUORUM PASSING OF RESOLUTIONS""), ARTICLE 27 (""DELEGATION OF POWERS AND AUTHORITY"") (""APPROVAL OF THE ACCOUNTS AND DISTRIBUTION OF THE INCOME OR LOSS"") IN CHAPTER IV (""PROCEDURE AS TO LIQUIDATION"") IN CHAPTER V",,,0,UNMATCHED,0.0,0.0,no candidate above floor,UNRESOLVED,g9-matcher-1.0.0,
m:fac244bd069cb221913f,Inditex,2024-07-09,m:fac244bd069cb221913f|mapfre:p:ca711af1933f522b0c59,2,APPROVAL OF THE CONSOLIDATED ANNUAL ACCOUNTS AND DIRECTORS' REPORT OF THE INDITEX GROUP FOR THE YEAR ENDED 31 JANUARY 2024,,,0,UNMATCHED,0.0,0.0,no candidate above floor,UNRESOLVED,g9-matcher-1.0.0,
m:b662a13b1cfd0e6951c6,Ferrovial,2024-04-11,m:b662a13b1cfd0e6951c6|mapfre:p:5bc5186d2b623b4a3c64,7b,AUTHORISATION OF THE BOARD TO LIMIT OR TO EXCLUDE PRE-EMPTIVE RIGHTS FOR ORDINARY SHARES FOR PURPOSES OF SCRIP DIVIDENDS,,,0,AMBIGUOUS,0.45,0.1,score=0.45 margin=0.10 below promotion bar; rival=0.35,AMBIGUOUS,g9-matcher-1.0.0,Authorize Board to Exclude Preemptive Rights from Share Issuances
m:326835b05889b18b19fc,Banco Santander,2024-03-21,m:326835b05889b18b19fc|mapfre:p:b2e6175a8cf62895cdf3,6A,REMUNERATION: DIRECTORS REMUNERATION POLICY,,,0,AMBIGUOUS,0.4667,0.0,score=0.47 margin=0.00 below promotion bar; rival=0.47,AMBIGUOUS,g9-matcher-1.0.0,Approve Remuneration Policy
m:d47e838caf01c4eb6349,Amadeus,2024-06-05,m:d47e838caf01c4eb6349|mapfre:p:5676428feb3020c8e1c4,5,EXAMINATION AND APPROVAL OF THE MANAGEMENT CARRIED OUT BY THE BOARD OF DIRECTORS FOR THE YEAR 2023 CONNELLY AS INDEPENDENT DIRECTOR FOR A TERM OF ONE YEAR CAMINO AS EXECUTIVE DIRECTOR FOR A TERM OF ONE YEAR CEBALLOS ZUNIGA AS INDEPENDENT DIRECTOR FOR A TERM OF ONE YEAR GEMKOW AS INDEPENDENT DIRECTOR FOR A TERM OF ONE YEAR AS INDEPENDENT DIRECTOR FOR A TERM OF ONE YEAR CLEVER STEG AS INDEPENDENT DIRECTOR FOR A TERM OF ONE YEAR AS INDEPENDENT DIRECTOR FOR A TERM OF ONE YEAR AS INDEPENDENT DIRECTOR FOR A TERM OF ONE YEAR,,,0,AMBIGUOUS,0.4667,0.0467,score=0.47 margin=0.05 below promotion bar; rival=0.42,AMBIGUOUS,g9-matcher-1.0.0,Reelect Xiaoqun Clever-Steg as Director
m:6df84069658bc065212a,Repsol,2025-05-29,m:6df84069658bc065212a|mapfre:p:d09be5b414a9bb6ec2d1,1,"REVIEW AND APPROVAL, IF APPROPRIATE, OF THE ANNUAL FINANCIAL STATEMENTS AND MANAGEMENT REPORT OF REPSOL, S.A. AND THE CONSOLIDATED ANNUAL FINANCIAL STATEMENTS AND CONSOLIDATED MANAGEMENT REPORT, FOR FISCAL YEAR ENDED 31 DECEMBER 2024",,,0,AMBIGUOUS,0.4667,0.1167,score=0.47 margin=0.12 below promotion bar; rival=0.35,AMBIGUOUS,g9-matcher-1.0.0,Approve Consolidated and Standalone Financial Statements
m:f9629b16ea2879db1cd0,ES0121975009,2024-06-15,m:f9629b16ea2879db1cd0|mapfre:p:9ca7ee9d932a0ecbb14b,8,"APPROVAL OF THE BOARD MEMBERS REMUNERATION POLICY APPLICABLE TO THE 2024, 2025 AND 2026 FISCAL YEARS",,,0,AMBIGUOUS,0.4667,0.1167,score=0.47 margin=0.12 below promotion bar; rival=0.35,AMBIGUOUS,g9-matcher-1.0.0,Approve Remuneration Policy
m:c7997b16124fd21d12f1,NL0000235190,2024-04-10,m:c7997b16124fd21d12f1|mapfre:p:f32607d1416ab03a015c,3,APPROVAL OF AN EXTRAORDINARY DIVIDEND FOR THE FINANCIAL YEAR 2023,,,0,AMBIGUOUS,0.4667,0.2333,score=0.47 margin=0.23 below promotion bar; rival=0.23,AMBIGUOUS,g9-matcher-1.0.0,Approve Extraordinary Dividend
m:f858545b10cf89c546d6,Inditex,2023-07-11,m:f858545b10cf89c546d6|mapfre:p:7a527b99dfbbba31c6a7,6,"APPROVAL OF THE DIRECTORS REMUNERATION POLICY FOR THE YEARS 2024, 2025 AND 2026",,,0,AMBIGUOUS,0.4667,0.2333,score=0.47 margin=0.23 below promotion bar; rival=0.23,AMBIGUOUS,g9-matcher-1.0.0,Approve Remuneration Policy
m:26e6a0f3a22d8a78ef07,Iberdrola,2024-05-17,m:26e6a0f3a22d8a78ef07|mapfre:p:166cf269dafd6c681507,10,ENGAGEMENT DIVIDEND: APPROVAL AND PAYMENT,,,0,AMBIGUOUS,0.4667,0.2917,score=0.47 margin=0.29 below promotion bar; rival=0.17,AMBIGUOUS,g9-matcher-1.0.0,Approve Engagement Dividend
m:b662a13b1cfd0e6951c6,Ferrovial,2024-04-11,m:b662a13b1cfd0e6951c6|mapfre:p:152d6e0933f4a93d8896,2d,REMUNERATION REPORT FOR THE FINANCIAL YEAR 2023,,,0,AMBIGUOUS,0.4667,0.2917,score=0.47 margin=0.29 below promotion bar; rival=0.17,AMBIGUOUS,g9-matcher-1.0.0,Approve Remuneration Report
m:c0a280403d1526c67f09,Merlin Properties,2024-05-08,m:c0a280403d1526c67f09|mapfre:p:9320f8320c15a2dcd6a5,6,AMENDMENTS OF THE BYLAWS. AMENDMENT TO ARTICLE 41 OF THE BYLAWS (CONDUCT OF MEETINGS),,,0,AMBIGUOUS,0.4667,0.2917,score=0.47 margin=0.29 below promotion bar; rival=0.17,AMBIGUOUS,g9-matcher-1.0.0,Amend Article 41
m:26e6a0f3a22d8a78ef07,Iberdrola,2024-05-17,m:26e6a0f3a22d8a78ef07|mapfre:p:4cd88c245d1cec717d3a,9,DIRECTOR REMUNERATION POLICY,,,0,AMBIGUOUS,0.4667,0.4667,score=0.47 margin=0.47 below promotion bar; rival=0.00,AMBIGUOUS,g9-matcher-1.0.0,Approve Remuneration Policy
m:02c5f11063c2d02f40d1,Repsol,2024-05-09,m:02c5f11063c2d02f40d1|mapfre:p:d366d6008cc362f8ecea,7,"APPROVAL OF A REDUCTION IN SHARE CAPITAL OF 40,000,000 EUROS, THROUGH THE AMORTIZATION OF 40,000,000 OF THE COMPANY'S OWN SHARES. DELEGATION OF POWER TO THE BOARD OF DIRECTORS OR, BY SUBSTITUTION, TO THE DELEGATED COMMISSION OR THE MANAGING DIRECTOR, TO FIX THE OTHER CONDITIONS OF THE REDUCTION IN EVERYTHING NOT FORESEEN BY THE GENERAL MEETING, INCLUDING, AMONG OTHER MATTERS, THE POWER TO REDRAFT ARTICLES 5 AND 6 OF THE COMPANY'S ARTICLES OF ASSOCIATION RELATING TO SHARE CAPITAL AND SHARES, RESPECTIVELY, AND TO REQUEST THE EXCLUSION FROM TRADING AND THE CANCELLATION OF ACCOUNTING RECORDS OF THE SHARES TO BE WRITTEN OFF",,,0,AMBIGUOUS,0.49,0.14,score=0.49 margin=0.14 below promotion bar; rival=0.35,AMBIGUOUS,g9-matcher-1.0.0,Approve Reduction in Share Capital via Cancellation of Treasury Shares
m:6df84069658bc065212a,Repsol,2025-05-29,m:6df84069658bc065212a|mapfre:p:cd31f7c49ddd9ed325e0,8,"APPROVAL OF A REDUCTION IN SHARE CAPITAL BY A DETERMINABLE AMOUNT, WITH THE MAXIMUM INDICATED IN THE TERMS OF THE AGREEMENT, THROUGH THE REDEMPTION OF THE COMPANY'S OWN SHARES. DELEGATION OF POWERS TO THE BOARD OF DIRECTORS OR, BY SUBSTITUTION, TO THE DELEGATE COMMITTEE OR THE CEO, TO SET THE SPECIFIC AMOUNT OF THE CAPITAL REDUCTION AND THE OTHER CONDITIONS OF THE REDUCTION IN ALL MATTERS NOT PROVIDED FOR BY THE ANNUAL GENERAL MEETING, INCLUDING, AMONG OTHER ISSUES, THE POWERS TO REDRAFT ARTICLES 5 AND 6 OF THE COMPANY'S BYLAWS, RELATING TO SHARE CAPITAL AND SHARES, RESPECTIVELY, AND TO REQUEST THE DELISTING AND CANCELLATION OF THE ACCOUNTING RECORDS OF THE SHARES THAT ARE REDEEMED",,,0,AMBIGUOUS,0.49,0.14,score=0.49 margin=0.14 below promotion bar; rival=0.35,AMBIGUOUS,g9-matcher-1.0.0,Approve Reduction in Share Capital via Cancellation of Treasury Shares
m:6df84069658bc065212a,Repsol,2025-05-29,m:6df84069658bc065212a|mapfre:p:fbe5d6c4fce472731b9c,9,"APPROVAL OF A REDUCTION IN SHARE CAPITAL BY A MAXIMUM AMOUNT OF 115,739,605 EUROS, EQUIVALENT TO 10% OF THE SHARE CAPITAL, THROUGH THE REDEMPTION OF A MAXIMUM OF 115,739,605 OWN SHARES OF THE COMPANY. DELEGATION OF POWERS TO THE BOARD OF DIRECTORS OR, BY SUBSTITUTION, TO THE DELEGATE COMMITTEE OR THE CEO, TO AGREE ON THE EXECUTION OF THE REDUCTION AND TO SET THE OTHER CONDITIONS OF THE REDUCTION IN EVERYTHING NOT PROVIDED FOR BY THE ANNUAL GENERAL MEETING, INCLUDING, AMONG OTHER MATTERS, THE POWERS TO REDRAFT ARTICLES 5 AND 6 OF THE COMPANY'S BYLAWS, RELATING TO SHARE CAPITAL AND SHARES, RESPECTIVELY, AND TO REQUEST THE DELISTING AND CANCELLATION OF THE ACCOUNTING RECORDS OF THE SHARES THAT ARE REDEEMED",,,0,AMBIGUOUS,0.49,0.14,score=0.49 margin=0.14 below promotion bar; rival=0.35,AMBIGUOUS,g9-matcher-1.0.0,Approve Reduction in Share Capital via Cancellation of Treasury Shares
m:913ec181b24a095c3168,BBVA,2024-03-14,m:913ec181b24a095c3168|mapfre:p:2567195d38fa9b4b0c89,3,"APPROVAL OF THE REDUCTION OF THE BANKS SHARE CAPITAL, UP TO A MAXIMUM AMOUNT CORRESPONDING TO 10PTC OF THE SAME ON THE DATE OF THE AGREEMENT, THROUGH THE AMORTIZATION OF OWN SHARES THAT HAVE BEEN ACQUIRED FOR THE PURPOSE OF BEING AMORTIZED, DELEGATED TO THE BOARD OF ADMINISTRATION THE POSSIBILITY OF EXECUTING THE REDUCTION TOTALLY OR PARTIALLY AND IN ONE OR SEVERAL TIMES",,,0,AMBIGUOUS,0.49,0.14,score=0.49 margin=0.14 below promotion bar; rival=0.35,AMBIGUOUS,g9-matcher-1.0.0,Approve Reduction in Share Capital via Amortization of Treasury Shares
m:0792795137274336ad5f,Banco Santander,2025-04-03,m:0792795137274336ad5f|mapfre:p:42586f6a015914dd0a3c,6B,"SHARE CAPITAL: REDUCTION IN SHARE CAPITAL IN THE MAXIMUM AMOUNT OF EUR 757,624,616, THROUGH THE CANCELLATION OF A MAXIMUM OF 1,515,249,232 OWN SHARES. DELEGATION OF POWERS",,,0,AMBIGUOUS,0.49,0.315,score=0.49 margin=0.31 below promotion bar; rival=0.17,AMBIGUOUS,g9-matcher-1.0.0,Approve Reduction in Share Capital via Cancellation of Treasury Shares
m:0792795137274336ad5f,Banco Santander,2025-04-03,m:0792795137274336ad5f|mapfre:p:472c94b4061b7613a2bf,6A,"SHARE CAPITAL: REDUCTION IN SHARE CAPITAL IN THE MAXIMUM AMOUNT OF EUR 706,871,648, THROUGH THE CANCELLATION OF A MAXIMUM OF 1,413,743,296 OWN SHARES. DELEGATION OF POWERS",,,0,AMBIGUOUS,0.49,0.315,score=0.49 margin=0.31 below promotion bar; rival=0.17,AMBIGUOUS,g9-matcher-1.0.0,Approve Reduction in Share Capital via Cancellation of Treasury Shares
m:f858545b10cf89c546d6,Inditex,2023-07-11,m:f858545b10cf89c546d6|mapfre:p:cb79efcf5598e66de0eb,4,"APPLICATION OF THE RESULT OF THE FISCAL YEAR 2022 AND DISTRIBUTION OF DIVIDENDS ESTABLISHMENT OF THE NUMBER OF MEMBERS OF THE BOARD OF DIRECTORS OF MR. AMANCIO ORTEGA GAONA, WITH THE CATEGORY OF PROPRIETARY DIRECTOR OF MR. JOSE LUIS DURAN SCHULZ, WITH THE CATEGORY OF INDEPENDENT DIRECTOR",,,0,AMBIGUOUS,0.5,0.0333,score=0.50 margin=0.03 below promotion bar; rival=0.47,AMBIGUOUS,g9-matcher-1.0.0,Reelect Jose Luis Duran Schulz as Director
m:c7997b16124fd21d12f1,NL0000235190,2024-04-10,m:c7997b16124fd21d12f1|mapfre:p:75e71740dda27d2a99d1,12,REAPPOINTMENT OF MRS AMPARO MORALEDA AS NON-EXECUTIVE MEMBER OF THE BOARD OF DIRECTORS FOR A TERM OF THREE YEARS,,,0,AMBIGUOUS,0.5,0.15,score=0.50 margin=0.15 below promotion bar; rival=0.35,AMBIGUOUS,g9-matcher-1.0.0,Reelect Amparo Moraleda as Non-Executive Director
m:c7997b16124fd21d12f1,NL0000235190,2024-04-10,m:c7997b16124fd21d12f1|mapfre:p:c45b183deb09a0bb6ded,13,"APPOINTMENT OF DR FEIYU XU AS NON-EXECUTIVE MEMBER OF THE BOARD OF DIRECTORS, FOR A TERM OF TWO YEARS, IN REPLACEMENT OF MR RALPH D. CROSBY, JR. WHO RESIGNED WITH EFFECT OF THE DATE OF THE 2024 ANNUAL GENERAL MEETING",,,0,AMBIGUOUS,0.5,0.15,score=0.50 margin=0.15 below promotion bar; rival=0.35,AMBIGUOUS,g9-matcher-1.0.0,Elect Feiyu Xu as Non-Executive Director
m:c7997b16124fd21d12f1,NL0000235190,2024-04-10,m:c7997b16124fd21d12f1|mapfre:p:fd9609840935f6c55ef4,10,REAPPOINTMENT OF MR VICTOR CHU AS NON-EXECUTIVE MEMBER OF THE BOARD OF DIRECTORS FOR A TERM OF THREE YEARS,,,0,AMBIGUOUS,0.5,0.15,score=0.50 margin=0.15 below promotion bar; rival=0.35,AMBIGUOUS,g9-matcher-1.0.0,Reelect Victor Chu as Non-Executive Director
m:c7997b16124fd21d12f1,NL0000235190,2024-04-10,m:c7997b16124fd21d12f1|mapfre:p:b521276a2081976344d6,6,REAPPOINTMENT OF ERNST YOUNG ACCOUNTANTS LLP AS AUDITOR FOR THE FINANCIAL YEAR 2024,,,0,AMBIGUOUS,0.5,0.2667,score=0.50 margin=0.27 below promotion bar; rival=0.23,AMBIGUOUS,g9-matcher-1.0.0,Ratify Ernst & Young Accountants LLP as Auditors
m:26e6a0f3a22d8a78ef07,Iberdrola,2024-05-17,m:26e6a0f3a22d8a78ef07|mapfre:p:d149db8c615de8440c50,5,"RE-ELECTION OF KPMG AUDITORES, S.L. AS STATUTORY AUDITOR",,,0,AMBIGUOUS,0.5,0.325,score=0.50 margin=0.33 below promotion bar; rival=0.17,AMBIGUOUS,g9-matcher-1.0.0,Renew Appointment of KPMG Auditores as Auditor
m:b662a13b1cfd0e6951c6,Ferrovial,2024-04-11,m:b662a13b1cfd0e6951c6|mapfre:p:b7e6a792adec799b0516,5,RE-APPOINTMENT OF ERNST & YOUNG ACCOUNTANTS LLP AS THE COMPANY'S EXTERNAL AUDITOR FOR THE FINANCIAL YEAR 2024,,,0,AMBIGUOUS,0.5,0.325,score=0.50 margin=0.33 below promotion bar; rival=0.17,AMBIGUOUS,g9-matcher-1.0.0,Ratify Ernst & Young Accountants LLP as Auditors
m:0792795137274336ad5f,Banco Santander,2025-04-03,m:0792795137274336ad5f|mapfre:p:d85b1a96a260fb023d08,7C,REMUNERATION: APPROVAL MAXIMUM RATIO BETWEEN FIXED AND VARIABLE COMPONENTS OF REMUNERATION OF EXECUTIVE DIRECTORS AND OTHER EMPLOYEES WITH ACTIVITIES THAT HAVE A MATERIAL IMPACT ON THE RISK PROFILE,,,0,AMBIGUOUS,0.525,0.0,score=0.52 margin=0.00 below promotion bar; rival=0.52,AMBIGUOUS,g9-matcher-1.0.0,Approve Remuneration of Directors
m:d47e838caf01c4eb6349,Amadeus,2024-06-05,m:d47e838caf01c4eb6349|mapfre:p:34fb3a10a53b4dd44b36,8,APPROVAL OF THE DIRECTORS REMUNERATION POLICY 2025 2027,,,0,AMBIGUOUS,0.525,0.0583,score=0.52 margin=0.06 below promotion bar; rival=0.47,AMBIGUOUS,g9-matcher-1.0.0,Approve Remuneration of Directors
m:326835b05889b18b19fc,Banco Santander,2024-03-21,m:326835b05889b18b19fc|mapfre:p:fae30aa9a138e6cbc1c6,6C,REMUNERATION: APPROVAL MAXIMUM RATIO BETWEEN FIXED AND VARIABLE COMPONENTS OF REMUNERATION OF EXECUTIVE DIRECTORS AND OTHER EMPLOYEES WITH ACTIVITIES THAT HAVE A MATERIAL IMPACT ON THE RISK PROFILE,,,0,AMBIGUOUS,0.525,0.105,score=0.52 margin=0.10 below promotion bar; rival=0.42,AMBIGUOUS,g9-matcher-1.0.0,Approve Remuneration of Directors
m:b662a13b1cfd0e6951c6,Ferrovial,2024-04-11,m:b662a13b1cfd0e6951c6|mapfre:p:d655e49ca1869cce4043,6b,AUTHORISATION OF THE BOARD TO ISSUE ORDINARY SHARES FOR PURPOSES OF SCRIP DIVIDENDS,,,0,AMBIGUOUS,0.525,0.1167,score=0.52 margin=0.12 below promotion bar; rival=0.41,AMBIGUOUS,g9-matcher-1.0.0,Grant Board Authority to Issue Shares Up To 10 Percent of Issued Capital
m:6df84069658bc065212a,Repsol,2025-05-29,m:6df84069658bc065212a|mapfre:p:21d1e8827abc8b2bd039,17,APPROVAL OF THREE ADDITIONAL NEW CYCLES OF THE LONG-TERM INCENTIVE PROGRAM,,,0,AMBIGUOUS,0.525,0.125,score=0.52 margin=0.12 below promotion bar; rival=0.40,AMBIGUOUS,g9-matcher-1.0.0,Long-Term Incentive Plan
m:6df84069658bc065212a,Repsol,2025-05-29,m:6df84069658bc065212a|mapfre:p:607d91e079e6a4363044,16,MODIFICATION OF THE LONG-TERM INCENTIVE PROGRAM 2025-2028,,,0,AMBIGUOUS,0.525,0.125,score=0.52 margin=0.12 below promotion bar; rival=0.40,AMBIGUOUS,g9-matcher-1.0.0,Long-Term Incentive Plan
m:26e6a0f3a22d8a78ef07,Iberdrola,2024-05-17,m:26e6a0f3a22d8a78ef07|mapfre:p:2a0152a2d2b357c95116,6,"AMENDMENT OF THE PREAMBLE AND OF CURRENT ARTICLES 1, 4, 6, 7 AND 8 OF THE BY-LAWS AND ADDITION OF A NEW ARTICLE 9 TO MORE CLEARLY DIFFERENTIATE THE REFERENCES TO IBERDROLA, S.A. AND TO THE IBERDROLA GROUP",,,0,AMBIGUOUS,0.525,0.175,score=0.52 margin=0.17 below promotion bar; rival=0.35,AMBIGUOUS,g9-matcher-1.0.0,Amend Preamble and Articles
m:c7997b16124fd21d12f1,NL0000235190,2024-04-10,m:c7997b16124fd21d12f1|mapfre:p:0d80a5b6c082fed318b8,11,REAPPOINTMENT OF MR JEAN-PIERRE CLAMADIEU AS NON-EXECUTIVE MEMBER OF THE BOARD OF DIRECTORS FOR A TERM OF THREE YEARS,,,0,AMBIGUOUS,0.525,0.175,score=0.52 margin=0.17 below promotion bar; rival=0.35,AMBIGUOUS,g9-matcher-1.0.0,Reelect Jean-Pierre Clamadieu as Non-Executive Director
m:d47e838caf01c4eb6349,Amadeus,2024-06-05,m:d47e838caf01c4eb6349|mapfre:p:509e42cdcd51415582e9,9,APPROVAL OF THE PARTICIPATION OF THE EXECUTIVE DIRECTORS IN THE AMADEUS EXECUTIVE SHARE PLAN,,,0,AMBIGUOUS,0.525,0.175,score=0.52 margin=0.17 below promotion bar; rival=0.35,AMBIGUOUS,g9-matcher-1.0.0,Approve Executive Share Plan
m:0792795137274336ad5f,Banco Santander,2025-04-03,m:0792795137274336ad5f|mapfre:p:c3227ba1fd235c7bef17,7B,REMUNERATION: SETTING OF THE MAXIMUM AMOUNT OF ANNUAL REMUNERATION TO BE PAID TO ALL THE DIRECTORS IN THEIR CAPACITY AS SUCH,,,0,AMBIGUOUS,0.525,0.2917,score=0.52 margin=0.29 below promotion bar; rival=0.23,AMBIGUOUS,g9-matcher-1.0.0,Approve Remuneration of Directors
m:326835b05889b18b19fc,Banco Santander,2024-03-21,m:326835b05889b18b19fc|mapfre:p:7a37cc66a75abad53930,6B,REMUNERATION: SETTING OF THE MAXIMUM AMOUNT OF ANNUAL REMUNERATION TO BE PAID TO ALL THE DIRECTORS IN THEIR CAPACITY AS SUCH,,,0,AMBIGUOUS,0.525,0.2917,score=0.52 margin=0.29 below promotion bar; rival=0.23,AMBIGUOUS,g9-matcher-1.0.0,Approve Remuneration of Directors
m:b662a13b1cfd0e6951c6,Ferrovial,2024-04-11,m:b662a13b1cfd0e6951c6|mapfre:p:d32f20bede1e4cca1aa7,3,CLIMATE STRATEGY REPORT FOR THE FINANCIAL YEAR 2023,,,0,AMBIGUOUS,0.525,0.2917,score=0.52 margin=0.29 below promotion bar; rival=0.23,AMBIGUOUS,g9-matcher-1.0.0,Approve Climate Strategy Report
m:b662a13b1cfd0e6951c6,Ferrovial,2024-04-11,m:b662a13b1cfd0e6951c6|mapfre:p:030d614af08a8f0fa860,4,DISCHARGE OF THE DIRECTORS IN RESPECT OF THE PERFORMANCE OF THEIR DUTIES DURING THE FINANCIAL YEAR 2023,,,0,AMBIGUOUS,0.525,0.4083,score=0.52 margin=0.41 below promotion bar; rival=0.12,AMBIGUOUS,g9-matcher-1.0.0,Approve Discharge of Directors
m:c7997b16124fd21d12f1,NL0000235190,2024-04-10,m:c7997b16124fd21d12f1|mapfre:p:a5d745f680935de9a84f,7,"APPROVAL, AS AN ADVISORY VOTE, OF THE IMPLEMENTATION OF THE REMUNERATION POLICY FOR THE FINANCIAL YEAR 2023",,,0,AMBIGUOUS,0.56,0.14,score=0.56 margin=0.14 below promotion bar; rival=0.42,AMBIGUOUS,g9-matcher-1.0.0,Approve Implementation of Remuneration Policy
m:0792795137274336ad5f,Banco Santander,2025-04-03,m:0792795137274336ad5f|mapfre:p:7260808556ee14d82d7e,1B,"ANNUAL ACCOUNTS AND CORPORATE MANAGEMENT: CONSOLIDATED STATEMENT OF NON-FINANCIAL INFORMATION FOR 2024, WHICH IS PART OF THE CONSOLIDATED DIRECTORS REPORT",,,0,AMBIGUOUS,0.56,0.21,score=0.56 margin=0.21 below promotion bar; rival=0.35,AMBIGUOUS,g9-matcher-1.0.0,Approve Non-Financial Information Statement
m:326835b05889b18b19fc,Banco Santander,2024-03-21,m:326835b05889b18b19fc|mapfre:p:1056460507e19fabea22,1B,"ANNUAL ACCOUNTS AND CORPORATE MANAGEMENT: CONSOLIDATED STATEMENT OF NON-FINANCIAL INFORMATION FOR 2023, WHICH IS PART OF THE CONSOLIDATED DIRECTORS REPORT",,,0,AMBIGUOUS,0.56,0.21,score=0.56 margin=0.21 below promotion bar; rival=0.35,AMBIGUOUS,g9-matcher-1.0.0,Approve Non-Financial Information Statement
m:326835b05889b18b19fc,Banco Santander,2024-03-21,m:326835b05889b18b19fc|mapfre:p:6ebc7d4a3e243e5de2ae,6F,REMUNERATION: ANNUAL DIRECTORS REMUNERATION REPORT (CONSULTATIVE VOTE),,,0,AMBIGUOUS,0.56,0.21,score=0.56 margin=0.21 below promotion bar; rival=0.35,AMBIGUOUS,g9-matcher-1.0.0,Advisory Vote on Remuneration Report
m:d47e838caf01c4eb6349,Amadeus,2024-06-05,m:d47e838caf01c4eb6349|mapfre:p:514aca1fa9ecd8ca91cd,3,DIRECTORS REMUNERATION REPORT 2023 FOR AN ADVISORY VOTE,,,0,AMBIGUOUS,0.56,0.21,score=0.56 margin=0.21 below promotion bar; rival=0.35,AMBIGUOUS,g9-matcher-1.0.0,Advisory Vote on Remuneration Report
m:f858545b10cf89c546d6,Inditex,2023-07-11,m:f858545b10cf89c546d6|mapfre:p:433a0dcb2f8e5fa31426,7,"APPROVAL OF A LONG TERM INCENTIVE PLAN IN CASH AND SHARES AIMED AT MEMBERS OF THE MANAGEMENT TEAM, INCLUDING EXECUTIVE DIRECTORS, AND OTHER EMPLOYEES OF THE INDITEX GROUP",,,0,AMBIGUOUS,0.56,0.21,score=0.56 margin=0.21 below promotion bar; rival=0.35,AMBIGUOUS,g9-matcher-1.0.0,Approve Long-Term Incentive Plan
m:c7997b16124fd21d12f1,NL0000235190,2024-04-10,m:c7997b16124fd21d12f1|mapfre:p:73882e7394851e13beca,16,RENEWAL OF THE AUTHORISATION FOR THE BOARD OF DIRECTORS TO REPURCHASE UP TO 10% OF THE COMPANYS ISSUED SHARE CAPITAL,,,0,AMBIGUOUS,0.56,0.28,score=0.56 margin=0.28 below promotion bar; rival=0.28,AMBIGUOUS,g9-matcher-1.0.0,Authorize Repurchase of Up to 10 Percent of Issued Share Capital
m:02c5f11063c2d02f40d1,Repsol,2024-05-09,m:02c5f11063c2d02f40d1|mapfre:p:8c28421a937b37c8e7a1,3,"EXAMINATION AND APPROVAL, IF APPROPRIATE, OF THE STATEMENT OF NON-FINANCIAL INFORMATION FOR THE YEAR ENDED DECEMBER 31, 2023",,,0,AMBIGUOUS,0.56,0.3267,score=0.56 margin=0.33 below promotion bar; rival=0.23,AMBIGUOUS,g9-matcher-1.0.0,Approve Non-Financial Information Statement
m:6df84069658bc065212a,Repsol,2025-05-29,m:6df84069658bc065212a|mapfre:p:57a6f050409ce1a4ddf5,3,"REVIEW AND APPROVAL, IF APPROPRIATE, OF THE STATEMENT OF NON-FINANCIAL INFORMATION FOR FISCAL YEAR ENDED 31 DECEMBER 2024",,,0,AMBIGUOUS,0.56,0.3267,score=0.56 margin=0.33 below promotion bar; rival=0.23,AMBIGUOUS,g9-matcher-1.0.0,Approve Non-Financial Information Statement
m:d47e838caf01c4eb6349,Amadeus,2024-06-05,m:d47e838caf01c4eb6349|mapfre:p:d922afadd3a91906d1bd,2,EXAMINATION AND APPROVAL OF THE NON-FINANCIAL INFORMATION STATEMENT RELATED TO THE FINANCIAL YEAR 2023,,,0,AMBIGUOUS,0.56,0.3267,score=0.56 margin=0.33 below promotion bar; rival=0.23,AMBIGUOUS,g9-matcher-1.0.0,Approve Non-Financial Information Statement
m:f9629b16ea2879db1cd0,ES0121975009,2024-06-15,m:f9629b16ea2879db1cd0|mapfre:p:756d37882e5a60ce0994,3,APPROVAL OF THE STATEMENT OF NON-FINANCIAL INFORMATION - REPORT CONSOLIDATED SUSTAINABILITY FOR THE YEAR 2023,,,0,AMBIGUOUS,0.56,0.3267,score=0.56 margin=0.33 below promotion bar; rival=0.23,AMBIGUOUS,g9-matcher-1.0.0,Approve Non-Financial Information Statement
m:26e6a0f3a22d8a78ef07,Iberdrola,2024-05-17,m:26e6a0f3a22d8a78ef07|mapfre:p:d76d7142315036a5eb3e,3,STATEMENT OF NON-FINANCIAL INFORMATION 2023,,,0,AMBIGUOUS,0.56,0.385,score=0.56 margin=0.38 below promotion bar; rival=0.17,AMBIGUOUS,g9-matcher-1.0.0,Approve Non-Financial Information Statement
m:f858545b10cf89c546d6,Inditex,2023-07-11,m:f858545b10cf89c546d6|mapfre:p:365431f9679d1dfb7463,3,"APPROVAL OF THE NON FINANCIAL INFORMATION STATEMENT, CORRESPONDING TO THE 2022 FISCAL YEAR",,,0,AMBIGUOUS,0.56,0.385,score=0.56 margin=0.38 below promotion bar; rival=0.17,AMBIGUOUS,g9-matcher-1.0.0,Approve Non-Financial Information Statement
m:c7997b16124fd21d12f1,NL0000235190,2024-04-10,m:c7997b16124fd21d12f1|mapfre:p:f53e8661067817d91f51,17,CANCELLATION OF SHARES REPURCHASED BY THE COMPANY,,,0,AMBIGUOUS,0.56,0.42,score=0.56 margin=0.42 below promotion bar; rival=0.14,AMBIGUOUS,g9-matcher-1.0.0,Approve Cancellation of Repurchased Shares
m:c0a280403d1526c67f09,Merlin Properties,2024-05-08,m:c0a280403d1526c67f09|mapfre:p:07c2b507da9e239add58,5,"CONSULTATIVE VOTE ON THE ANNUAL REPORT ON DIRECTORS' COMPENSATION, AND ITS ATTACHED STATISTICAL APPENDIX, FOR THE YEAR ENDED DECEMBER 31, 2023",,,0,AMBIGUOUS,0.56,0.4433,score=0.56 margin=0.44 below promotion bar; rival=0.12,AMBIGUOUS,g9-matcher-1.0.0,Advisory Vote on Remuneration Report
m:0792795137274336ad5f,Banco Santander,2025-04-03,m:0792795137274336ad5f|mapfre:p:a6dedaa176a90db51b27,3D,BOARD OF DIRECTORS: APPOINTMENT AND RE-ELECTION OF DIRECTOR: MR GLENN HOGAN HUTCHINS,,,0,AMBIGUOUS,0.5833,0.2333,score=0.58 margin=0.23 below promotion bar; rival=0.35,AMBIGUOUS,g9-matcher-1.0.0,Reelect Glenn Hogan Hutchins as Director
m:0792795137274336ad5f,Banco Santander,2025-04-03,m:0792795137274336ad5f|mapfre:p:cdb6127cda88bbfae090,3E,BOARD OF DIRECTORS: APPOINTMENT AND RE-ELECTION OF DIRECTOR: MRS PAMELA ANN WALKDEN,,,0,AMBIGUOUS,0.5833,0.2333,score=0.58 margin=0.23 below promotion bar; rival=0.35,AMBIGUOUS,g9-matcher-1.0.0,Reelect Pamela Ann Walkden as Director
m:26e6a0f3a22d8a78ef07,Iberdrola,2024-05-17,m:26e6a0f3a22d8a78ef07|mapfre:p:7d4d9e37151fb57ade82,8,"AMENDMENT OF ARTICLES 10, 11, 12, 14, 16, 19, 20, 21, 22, 23, 27 AND 40 OF THE REGULATIONS FOR THE GENERAL SHAREHOLDERS MEETING IN ORDER TO REVISE THE RULES GOVERNING ATTENDANCE AT THE GENERAL SHAREHOLDERS MEETING",,,0,AMBIGUOUS,0.5833,0.2333,score=0.58 margin=0.23 below promotion bar; rival=0.35,AMBIGUOUS,g9-matcher-1.0.0,Amend Articles of General Meeting Regulations
m:326835b05889b18b19fc,Banco Santander,2024-03-21,m:326835b05889b18b19fc|mapfre:p:71ee110e39ef4fbd6a0e,3C,BOARD OF DIRECTOR: APPOINTMENT AND RE-ELECTION OF DIRECTOR: APPOINTMENT OF MR. ANTONIO FRANCESCO WEISS,,,0,AMBIGUOUS,0.5833,0.2333,score=0.58 margin=0.23 below promotion bar; rival=0.35,AMBIGUOUS,g9-matcher-1.0.0,Elect Antonio Francesco Weiss as Director
m:326835b05889b18b19fc,Banco Santander,2024-03-21,m:326835b05889b18b19fc|mapfre:p:72c7dbde1f102e47cf75,3F,BOARD OF DIRECTOR: APPOINTMENT AND RE-ELECTION OF DIRECTOR: RE- ELECTION OF MR. HENRIQUE DE CASTRO,,,0,AMBIGUOUS,0.5833,0.2333,score=0.58 margin=0.23 below promotion bar; rival=0.35,AMBIGUOUS,g9-matcher-1.0.0,Reelect Henrique de Castro as Director
m:326835b05889b18b19fc,Banco Santander,2024-03-21,m:326835b05889b18b19fc|mapfre:p:c2f4dc0003b27cdb1042,3H,BOARD OF DIRECTOR: APPOINTMENT AND RE-ELECTION OF DIRECTOR: RE- ELECTION OF MS. BELEN ROMANA GARCIA,,,0,AMBIGUOUS,0.5833,0.2333,score=0.58 margin=0.23 below promotion bar; rival=0.35,AMBIGUOUS,g9-matcher-1.0.0,Reelect Belen Romana Garcia as Director
m:326835b05889b18b19fc,Banco Santander,2024-03-21,m:326835b05889b18b19fc|mapfre:p:e20b366229e2f3d3bcc6,3G,BOARD OF DIRECTOR: APPOINTMENT AND RE-ELECTION OF DIRECTOR: RE- ELECTION OF MR. JOSE ANTONIO ALVAREZ,,,0,AMBIGUOUS,0.5833,0.2333,score=0.58 margin=0.23 below promotion bar; rival=0.35,AMBIGUOUS,g9-matcher-1.0.0,Reelect Jose Antonio Alvarez Alvarez as Director
m:d6f3b32ceaf74e0e43f6,CaixaBank,2024-03-21,m:d6f3b32ceaf74e0e43f6|mapfre:p:c9d8fcc61f748d3779b7,4,"REELECTION OF MARIA VERONICA FISAS VERGES SECURITIES: REDUCTION OF THE SHARE CAPITAL BY 129.404.256 EUROS OF NOMINAL, THROUGH THE AMORTIZATION OF 129.404.256 OWN SHARES SECURITIES: CAPITAL REDUCTION OF A MAXIMUM AMOUNT EQUIVALENT TO 10% OF THE SHARE CAPITAL THROUGH THE AMORTIZATION OF OWN SHARES, AFTER OBTAINING THE RELEVANT REGULATORY AUTHORIZATIONS SECURITIES: AUTHORIZATION TO THE BOARD OF DIRECTORS, IN ACCORDANCE WITH THE PROVISIONS OF ARTICLE 297.1.B) OF THE CAPITAL COMPANIES ACT, TO INCREASE THE CAPITAL BY ONE OR SEVERAL TIMES AND AT ANY TIME, WITHIN FIVE YEARS, BY MEANS OF MONETARY CONTRIBUTIONS AND IN A NOMINAL AMOUNT OF A MAXIMUM OF EUR 3,686,363,681, ALL IN THE TERMS AND CONDITIONS THAT IT DEEMS APPROPRIATE, THUS CANCELLING THE AUTHORIZATION HITHERTO IN FORCE. DELEGATION 2 FOR THE EXCLUSION OF THE RIGHT OF PREFERENTIAL SUBSCRIPTION, IN ACCORDANCE WITH ARTICLE 506 OF THE CAPITAL COMPANIES ACT, IN WHICH CASE THE CAPITAL INCREASES WILL BE LIMITED, IN GENERAL, TO THE MAXIMUM FIGURE OF 737.272.736 EUROS SECURITIES: DELEGATION TO THE BOARD OF DIRECTORS OF THE POWER TO ISSUE SECURITIES THAT MAY OR MAY NOT BE CONVERTIBLE INTO SHARES OF THE COMPANY, OR INSTRUMENTS OF A SIMILAR NATURE, WHICH HAVE AS THEIR PURPOSE OR PERMIT TO MEET REGULATORY REQUIREMENTS FOR THEIR COMPUTABILITY AS ADDITIONAL TIER 1 REGULATORY CAPITAL INSTRUMENTS IN ACCORDANCE WITH THE APPLICABLE SOLVENCY RULES, FOR A MAXIMUM TOTAL AMOUNT OF UP TO 3,500,000,000 EUROS (OR ITS EQUIVALENT IN OTHER CURRENCIES) , AND THE POWER TO INCREASE THE SHARE CAPITAL BY THE NECESSARY AMOUNT, AND THE POWER TO EXCLUDE, WHERE APPROPRIATE, THE RIGHT OF PREFERENTIAL SUBSCRIPTION. SETTING THE CRITERIA FOR DETERMINING THE BASES AND MODALITIES OF THE CONVERSION MODIFICATION OF THE REMUNERATION POLICY OF THE DIRECTORS SHARES IN FAVOR OF THE EXECUTIVE DIRECTORS OF THE COMPANY AS PAYMENT OF THE VARIABLE COMPONENTS OF THEIR REMUNERATION MAXIMUM LEVEL OF VARIABLE REMUNERATION FOR EMPLOYEES WHOSE PROFESSIONAL ACTIVITIES HAVE A SIGNIFICANT IMPACT ON THE COMPANY'S RISK PROFILE ON THE ANNUAL REPORT ON REMUNERATION OF THE MEMBERS OF THE BOARD OF DIRECTORS FOR THE YEAR 2023",,,0,AMBIGUOUS,0.6,0.11,score=0.60 margin=0.11 below promotion bar; rival=0.49,AMBIGUOUS,g9-matcher-1.0.0,Reelect Maria Veronica Fisas Verges as Director
m:f9629b16ea2879db1cd0,ES0121975009,2024-06-15,m:f9629b16ea2879db1cd0|mapfre:p:52f00842df700556fd3b,5,"RE-ELECTION OF AUDITORS FOR THE YEARS 2024, 2025 AND 2026 ZENARRUTZABEITIA BELDARRAIN AS A PROPRIETARY DIRECTOR BAZTARRICA LIZARBE AS EXECUTIVE DIRECTOR PEREZ AS AN INDEPENDENT DIRECTOR DOMINGUEZ DE LA MAZA AS A PROPRIETARY DIRECTOR MEMBERS AT ELEVEN (11)",,,0,AMBIGUOUS,0.6125,0.0292,score=0.61 margin=0.03 below promotion bar; rival=0.58,AMBIGUOUS,g9-matcher-1.0.0,Reelect Manuel Dominguez de la Maza as Director
m:0313381ad4e08e72c18a,BBVA,2025-03-20,m:0313381ad4e08e72c18a|mapfre:p:649b0df38a1582000a29,8,"CONSULTATIVE VOTE ON THE ANNUAL REPORT ON THE REMUNERATION OF DIRECTORS OF BANCO BILBAO VIZCAYA ARGENTARIA, S.A. FOR THE FINANCIAL YEAR 2024",,,0,AMBIGUOUS,0.7,0.0,score=0.70 margin=0.00 below promotion bar; rival=0.70,AMBIGUOUS,g9-matcher-1.0.0,Advisory Vote on Remuneration Report
m:52cf9ae58d5fe9968ef4,CaixaBank,2025-04-10,m:52cf9ae58d5fe9968ef4|mapfre:p:dd0376161a843252ad50,3,RE ELECTION OF THE COMPANY'S ACCOUNTS AUDITOR AND ITS CONSOLIDATED GROUP FOR THE FINANCIAL YEAR 2026 MEMBER OF THE BOARD OF DIRECTOR: MS KORO USARRAGA UNSAIN MEMBER OF THE BOARD OF DIRECTOR: MR FERNANDO MARIA COSTA DUARTE ULRICH MEMBER OF THE BOARD OF DIRECTOR: MS TERESA SANTERO QUINTILLA MEMBER OF THE BOARD OF DIRECTOR: MS ROSA MARIA GARCIA PINEIRO MEMBER OF THE BOARD OF DIRECTOR: MR LUIS ALVAREZ SATORRE MEMBER OF THE BOARD OF DIRECTOR: MR BERNARDO SANCHEZ INCERA MEMBER OF THE BOARD OF DIRECTOR: MR PABLO ARTURO FORERO CALDERON MEMBER OF THE BOARD OF DIRECTOR: MR JOSE MARIA MENDEZ ALVAREZ CEDRON TO ACQUIRE TREASURY SHARES AS PROVIDED FOR IN ARTICLE 146 OF THE CORPORATE ENTERPRISES ACT REVOKING IN TERMS OF THE UNDRAWN AMOUNT THE AUTHORISATION CURRENTLY IN AMOUNT EQUIVALENT TO 10 PER CENT OF THE SHARE CAPITAL THROUGH THE REDEMPTION OF TREASURY SHARES DIRECTORS DIRECTORS REMUNERATION POLICY EXECUTIVE DIRECTORS AS PAYMENT OF THE VARIABLE COMPONENTS OF THEIR REMUNERATION VARIABLE REMUNERATION PAYABLE TO EMPLOYEES WHOSE PROFESSIONAL ACTIVITIES HAVE A SIGNIFICANT IMPACT ON THE COMPANY S RISK PROFILE REPORT ON THE DIRECTORS REMUNERATION FOR THE FINANCIAL YEAR 2024,,,0,AMBIGUOUS,0.7,0.0,score=0.70 margin=0.00 below promotion bar; rival=0.70,AMBIGUOUS,g9-matcher-1.0.0,Elect Pablo Arturo Forero Calderon as Director
m:6df84069658bc065212a,Repsol,2025-05-29,m:6df84069658bc065212a|mapfre:p:5ca8156264c700aeb434,14,"ADVISORY VOTE ON THE ANNUAL REPORT ON DIRECTORS' REMUNERATION OF REPSOL, S.A. FOR THE FISCAL YEAR 2024",,,0,AMBIGUOUS,0.7,0.0,score=0.70 margin=0.00 below promotion bar; rival=0.70,AMBIGUOUS,g9-matcher-1.0.0,Remuneration Report
m:c0a280403d1526c67f09,Merlin Properties,2024-05-08,m:c0a280403d1526c67f09|mapfre:p:d6c7bfe498b1a86830c7,3,"EXAMINATION AND APPROVAL, IF APPROPRIATE, OF THE CONDUCT OF BUSINESS BY THE BOARD OF DIRECTORS DURING THE YEAR ENDED DECEMBER 31, 2023 DIRECTORS: ESTABLISHMENT OF THE NUMBER OF MEMBERS OF THE BOARD OF DIRECTORS AT FOURTEEN (14) DIRECTOR: REELECTION OF MR. ISMAEL CLEMENTE ORREGO AS DIRECTOR, CLASSIFIED AS EXECUTIVE DIRECTOR DIRECTOR: REELECTION OF MR. MIGUEL OLLERO BARRERA AS DIRECTOR, CLASSIFIED AS EXECUTIVE DIRECTOR DIRECTOR: REELECTION OF MS. MARIA LUISA JORDA CASTRO AS DIRECTOR, CLASSIFIED AS INDEPENDENT DIRECTOR DIRECTOR: REELECTION OF MS. ANA MARIA GARCIA FAU AS DIRECTOR, CLASSIFIED AS INDEPENDENT DIRECTOR DIRECTOR: REELECTION OF MR. FERNANDO JAVIER ORTIZ VAAMONDE AS DIRECTOR, CLASSIFIED AS INDEPENDENT DIRECTOR DIRECTOR: REELECTION OF MR. GEORGE DONALD JOHNSTON AS DIRECTOR, CLASSIFIED AS INDEPENDENT DIRECTOR DIRECTOR: REELECTION OF MR. EMILIO NOVELA BERLIN AS DIRECTOR, CLASSIFIED AS INDEPENDENT DIRECTOR DIRECTOR: RATIFICATION OF THE APPOINTMENT BY COOPTION AND REELECTION AND APPOINTMENT OF MR. JUAN ANTONIO ALCARAZ GARCIA AS DIRECTOR, CLASSIFIED AS NOMINEE DIRECTOR DIRECTOR: APPOINTMENT OF MS. INES ARCHER TOPER AS DIRECTOR, CLASSIFIED AS INDEPENDENT DIRECTOR DIRECTOR: APPOINTMENT OF MS. JULIA BAYON PEDRAZA AS DIRECTOR, CLASSIFIED AS NOMINEE DIRECTOR",,,0,AMBIGUOUS,0.7,0.0,score=0.70 margin=0.00 below promotion bar; rival=0.70,AMBIGUOUS,g9-matcher-1.0.0,Elect Julia Bayon Pedraza as Director
